report_date,terminal,berth_id,berth_id_raw,sub_berth,via_no,vessel_name,cargo,berthed_on_ist,berthed_on_utc,expected_completion_ist,expected_completion_utc,berth_stay_hours,occupied,completion_is_forecast,source_pdf
2026-05-26,NSFT,CB-01,CB01,,,,,,,,,,False,False,Daily_Status_Report_26-05-2026.pdf
2026-05-26,NSFT,CB-02,CB02,,S0390,SPIL KARTIKA,CONTAINER,25-05-2026 16:48,2026-05-25T11:18:00Z,26-05-2026 07:38,2026-05-26T02:08:00Z,14.8333,True,True,Daily_Status_Report_26-05-2026.pdf
2026-05-26,NSICT,CB-04,CB04,,,,,,,,,,False,False,Daily_Status_Report_26-05-2026.pdf
2026-05-26,NSICT,CB-05,CB05,,S0402,DP WORLD JEBEL ALI,CONTAINER,26-05-2026 03:12,2026-05-25T21:42:00Z,26-05-2026 14:00,2026-05-26T08:30:00Z,10.8000,True,True,Daily_Status_Report_26-05-2026.pdf
2026-05-26,NSIGT,CB-06,CB-06,,S0456,MSC TAKORADI VIII,CONTAINER,26-05-2026 05:48,2026-05-26T00:18:00Z,27-05-2026 02:30,2026-05-26T21:00:00Z,20.7000,True,True,Daily_Status_Report_26-05-2026.pdf
2026-05-26,APMT,APMT-01,APMT-01,,S0386,ARAYA BHUM,CONTAINER,25-05-2026 15:12,2026-05-25T09:42:00Z,26-05-2026 14:00,2026-05-26T08:30:00Z,22.8000,True,True,Daily_Status_Report_26-05-2026.pdf
2026-05-26,APMT,APMT-02,APMT-02,,S0427,TS SHANGHAI,CONTAINER,25-05-2026 21:36,2026-05-25T16:06:00Z,27-05-2026 01:00,2026-05-26T19:30:00Z,27.4000,True,True,Daily_Status_Report_26-05-2026.pdf
2026-05-26,BMCT,BMCT-01,BMCT-01,,S0339,OOCL WASHINGTON,CONTAINER,24-05-2026 18:12,2026-05-24T12:42:00Z,28-05-2026 02:00,2026-05-27T20:30:00Z,79.8000,True,True,Daily_Status_Report_26-05-2026.pdf
2026-05-26,BMCT,BMCT-02,BMCT-02,,S0424,KMTC NHAVA SHEVA,CONTAINER,25-05-2026 21:36,2026-05-25T16:06:00Z,27-05-2026 12:00,2026-05-27T06:30:00Z,38.4000,True,True,Daily_Status_Report_26-05-2026.pdf
2026-05-26,BMCT,BMCT-03,BMCT-03,,S0279,HMM LEAF,CONTAINER,25-05-2026 21:36,2026-05-25T16:06:00Z,27-05-2026 07:00,2026-05-27T01:30:00Z,33.4000,True,True,Daily_Status_Report_26-05-2026.pdf
2026-05-26,BMCT,BMCT-04,BMCT-04,,S0211,MYD FUZHOU,CONTAINER,25-05-2026 21:12,2026-05-25T15:42:00Z,26-05-2026 14:00,2026-05-26T08:30:00Z,16.8000,True,True,Daily_Status_Report_26-05-2026.pdf
2026-05-26,BMCT,BMCT-05,BMCT-05,,,,,,,,,,False,False,Daily_Status_Report_26-05-2026.pdf
2026-05-26,BMCT,BMCT-06,BMCT-06,,S0523,AL SAADIYAT,CONTAINER,25-05-2026 20:30,2026-05-25T15:00:00Z,26-05-2026 21:00,2026-05-26T15:30:00Z,24.5000,True,True,Daily_Status_Report_26-05-2026.pdf
2026-05-26,BPCL,LB-01,LB-01,,S6347,CORONET,HSD,25-05-2026 01:42,2026-05-24T20:12:00Z,26-05-2026 07:42,2026-05-26T02:12:00Z,30.0000,True,True,Daily_Status_Report_26-05-2026.pdf
2026-05-26,BPCL,LB-02,LB-02,,,,,,,,,,False,False,Daily_Status_Report_26-05-2026.pdf
2026-05-26,JJLTPL,LB-03,LB-03,,,,,,,,,,False,False,Daily_Status_Report_26-05-2026.pdf
2026-05-26,JJLTPL,LB-04,LB-04,,,,,,,,,,False,False,Daily_Status_Report_26-05-2026.pdf
2026-05-26,NSDT,CCB-N,CCB-N,,R7657,ARHAAN,DREDGER,24-03-2026 17:40,2026-03-24T12:10:00Z,,,,True,False,Daily_Status_Report_26-05-2026.pdf
2026-05-26,NSDT,CCB-S,CCB-S,,,,,,,,,,False,False,Daily_Status_Report_26-05-2026.pdf
2026-05-26,NSDT,NSD-02,NSD-02,,S6240,INDUSTRIAL COURAGE,PROJECT CARGO,25-05-2026 16:00,2026-05-25T10:30:00Z,26-05-2026 22:00,2026-05-26T16:30:00Z,30.0000,True,True,Daily_Status_Report_26-05-2026.pdf
2026-05-26,NSDT,NSD-03,NSD-03,,S6017,SCL MERCURY,PROJECT CARGO,25-05-2026 19:00,2026-05-25T13:30:00Z,28-05-2026 19:01,2026-05-28T13:31:00Z,72.0167,True,True,Daily_Status_Report_26-05-2026.pdf
2026-02-01,NSFT,CB-01,CB01,,R2848,CMA CGM URAL,CONTAINER,01-02-2026 02:48,2026-01-31T21:18:00Z,01-02-2026 21:00,2026-02-01T15:30:00Z,18.2000,True,True,Daily Status Report 01.02.2026.pdf
2026-02-01,NSFT,CB-02,CB02,,,,,,,,,,False,False,Daily Status Report 01.02.2026.pdf
2026-02-01,NSICT,CB-04,CB04,,R2932,REYFA,CONTAINER,01-02-2026 04:30,2026-01-31T23:00:00Z,01-02-2026 19:00,2026-02-01T13:30:00Z,14.5000,True,True,Daily Status Report 01.02.2026.pdf
2026-02-01,NSICT,CB-05,CB05,,R2768,MAERSK CAIRO,CONTAINER,01-02-2026 07:24,2026-02-01T01:54:00Z,02-02-2026 05:00,2026-02-01T23:30:00Z,21.6000,True,True,Daily Status Report 01.02.2026.pdf
2026-02-01,NSIGT,CB-06,CB-06,,R2752,TENO,CONTAINER,31-01-2026 08:42,2026-01-31T03:12:00Z,01-02-2026 16:00,2026-02-01T10:30:00Z,31.3000,True,True,Daily Status Report 01.02.2026.pdf
2026-02-01,APMT,APMT-01,APMT-01,,R2769,A P MOLLER,CONTAINER,01-02-2026 07:00,2026-02-01T01:30:00Z,02-02-2026 06:00,2026-02-02T00:30:00Z,23.0000,True,True,Daily Status Report 01.02.2026.pdf
2026-02-01,APMT,APMT-02,APMT-02,,R2877,ZHONG GU NAN NING,CONTAINER,31-01-2026 23:12,2026-01-31T17:42:00Z,01-02-2026 13:00,2026-02-01T07:30:00Z,13.8000,True,True,Daily Status Report 01.02.2026.pdf
2026-02-01,BMCT,BMCT-01,BMCT-01,,R2845,HMM OCEAN,CONTAINER,01-02-2026 00:54,2026-01-31T19:24:00Z,01-02-2026 20:00,2026-02-01T14:30:00Z,19.1000,True,True,Daily Status Report 01.02.2026.pdf
2026-02-01,BMCT,BMCT-02,BMCT-02,,R2746,CELSIUS EINDHOVEN,CONTAINER,01-02-2026 00:42,2026-01-31T19:12:00Z,02-02-2026 06:00,2026-02-02T00:30:00Z,29.3000,True,True,Daily Status Report 01.02.2026.pdf
2026-02-01,BMCT,BMCT-03,BMCT-03,,R2909,KOTA LIMA,CONTAINER,01-02-2026 01:42,2026-01-31T20:12:00Z,02-02-2026 04:00,2026-02-01T22:30:00Z,26.3000,True,True,Daily Status Report 01.02.2026.pdf
2026-02-01,BMCT,BMCT-04,BMCT-04,,R2862,MSC BEATRICE,CONTAINER,31-01-2026 00:18,2026-01-30T18:48:00Z,01-02-2026 08:00,2026-02-01T02:30:00Z,31.7000,True,True,Daily Status Report 01.02.2026.pdf
2026-02-01,BMCT,BMCT-05,BMCT-05,,R2871,AL RAWDAH,CONTAINER,31-01-2026 21:30,2026-01-31T16:00:00Z,01-02-2026 23:59,2026-02-01T18:29:00Z,26.4833,True,True,Daily Status Report 01.02.2026.pdf
2026-02-01,BMCT,BMCT-06,BMCT-06,,,,,,,,,,False,False,Daily Status Report 01.02.2026.pdf
2026-02-01,BPCL,LB-01,LB-01,,R7320,NISYROS,LPG MIX,31-01-2026 17:48,2026-01-31T12:18:00Z,02-02-2026 10:00,2026-02-02T04:30:00Z,40.2000,True,True,Daily Status Report 01.02.2026.pdf
2026-02-01,BPCL,LB-02,LB-02,,,,,,,,,,False,False,Daily Status Report 01.02.2026.pdf
2026-02-01,JJLTPL,LB-03,LB-03,,R7359,SPICA,EDIBLE OIL,31-01-2026 17:12,2026-01-31T11:42:00Z,02-02-2026 13:03,2026-02-02T07:33:00Z,43.8500,True,True,Daily Status Report 01.02.2026.pdf
2026-02-01,JJLTPL,LB-04,LB-04,,,,,,,,,,False,False,Daily Status Report 01.02.2026.pdf
2026-02-01,NSDT,CCB-N,CCB-N,,,,,,,,,,False,False,Daily Status Report 01.02.2026.pdf
2026-02-01,NSDT,CCB-S,CCB-S,,R7391,DANAYA NAREE,CEMENT,31-01-2026 10:42,2026-01-31T05:12:00Z,02-02-2026 19:27,2026-02-02T13:57:00Z,56.7500,True,True,Daily Status Report 01.02.2026.pdf
2026-02-01,NSDT,NSD-02,NSD-02,,,,,,,,,,False,False,Daily Status Report 01.02.2026.pdf
2026-02-01,NSDT,NSD-03,NSD-03,,,,,,,,,,False,False,Daily Status Report 01.02.2026.pdf
2026-05-01,NSFT,CB-01,CB01,,,,,,,,,,False,False,Daily Status Report 01.05.2026.pdf
2026-05-01,NSFT,CB-02,CB02,,S0232,CMA CGM FORT ST. GEORGES,CONTAINER,30-04-2026 22:15,2026-04-30T16:45:00Z,02-05-2026 05:00,2026-05-01T23:30:00Z,30.7500,True,True,Daily Status Report 01.05.2026.pdf
2026-05-01,NSICT,CB-04,CB04,,,,,,,,,,False,False,Daily Status Report 01.05.2026.pdf
2026-05-01,NSICT,CB-05,CB05,,S0083,MAERSK CUBANGO,CONTAINER,30-04-2026 06:18,2026-04-30T00:48:00Z,01-05-2026 09:00,2026-05-01T03:30:00Z,26.7000,True,True,Daily Status Report 01.05.2026.pdf
2026-05-01,NSIGT,CB-06,CB-06,,S0163,MSC TAVISHI VI,CONTAINER,30-04-2026 13:48,2026-04-30T08:18:00Z,01-05-2026 05:48,2026-05-01T00:18:00Z,16.0000,True,True,Daily Status Report 01.05.2026.pdf
2026-05-01,APMT,APMT-01,APMT-01,,S0103,ALULA EXPRESS,CONTAINER,30-04-2026 06:30,2026-04-30T01:00:00Z,02-05-2026 05:00,2026-05-01T23:30:00Z,46.5000,True,True,Daily Status Report 01.05.2026.pdf
2026-05-01,APMT,APMT-02,APMT-02,,,,,,,,,,False,False,Daily Status Report 01.05.2026.pdf
2026-05-01,BMCT,BMCT-01,BMCT-01,,,,,,,,,,False,False,Daily Status Report 01.05.2026.pdf
2026-05-01,BMCT,BMCT-02,BMCT-02,,S0258,MSC MICHIGAN VII,CONTAINER,01-05-2026 01:36,2026-04-30T20:06:00Z,02-05-2026 15:00,2026-05-02T09:30:00Z,37.4000,True,True,Daily Status Report 01.05.2026.pdf
2026-05-01,BMCT,BMCT-03,BMCT-03,,S0113,MAERSK ARAS,CONTAINER,30-04-2026 23:54,2026-04-30T18:24:00Z,03-05-2026 00:00,2026-05-02T18:30:00Z,48.1000,True,True,Daily Status Report 01.05.2026.pdf
2026-05-01,BMCT,BMCT-04,BMCT-04,,S0209,NUPY 5,CONTAINER,30-04-2026 23:36,2026-04-30T18:06:00Z,02-05-2026 00:00,2026-05-01T18:30:00Z,24.4000,True,True,Daily Status Report 01.05.2026.pdf
2026-05-01,BMCT,BMCT-05,BMCT-05,,S0104,HEMMA BHUM,CONTAINER,29-04-2026 22:42,2026-04-29T17:12:00Z,02-05-2026 10:00,2026-05-02T04:30:00Z,59.3000,True,True,Daily Status Report 01.05.2026.pdf
2026-05-01,BMCT,BMCT-06,BMCT-06,,,,,,,,,,False,False,Daily Status Report 01.05.2026.pdf
2026-05-01,BPCL,LB-01,LB-01,,S6161,MAYFAIR,HSD+MS,01-05-2026 07:24,2026-05-01T01:54:00Z,03-05-2026 12:00,2026-05-03T06:30:00Z,52.6000,True,True,Daily Status Report 01.05.2026.pdf
2026-05-01,BPCL,LB-02,LB-02,,S6176,HELIUM GAS,AMMONIA,01-05-2026 06:42,2026-05-01T01:12:00Z,02-05-2026 21:00,2026-05-02T15:30:00Z,38.3000,True,True,Daily Status Report 01.05.2026.pdf
2026-05-01,JJLTPL,LB-03,LB-03,,S6198,NORD VANGUARD,EDIBLE OIL,01-05-2026 01:06,2026-04-30T19:36:00Z,01-05-2026 21:59,2026-05-01T16:29:00Z,20.8833,True,True,Daily Status Report 01.05.2026.pdf
2026-05-01,JJLTPL,LB-04,LB-04,,S6173,OGINO PARK,PHOSPHORIC ACID,30-04-2026 14:12,2026-04-30T08:42:00Z,01-05-2026 13:56,2026-05-01T08:26:00Z,23.7333,True,True,Daily Status Report 01.05.2026.pdf
2026-05-01,NSDT,CCB-N,CCB-N,,R7657,ARHAAN,DREDGER,24-03-2026 17:40,2026-03-24T12:10:00Z,,,,True,False,Daily Status Report 01.05.2026.pdf
2026-05-01,NSDT,CCB-S,CCB-S,,,,,,,,,,False,False,Daily Status Report 01.05.2026.pdf
2026-05-01,NSDT,NSD-02,NSD-02,,S6163,BOONYA NAREE,CEMENT,28-04-2026 10:30,2026-04-28T05:00:00Z,01-05-2026 04:00,2026-04-30T22:30:00Z,65.5000,True,True,Daily Status Report 01.05.2026.pdf
2026-05-01,NSDT,NSD-03,NSD-03,,,,,,,,,,False,False,Daily Status Report 01.05.2026.pdf
2026-02-02,NSFT,CB-01,CB01,,R2812,IRENES RESPECT,CONTAINER,01-02-2026 16:36,2026-02-01T11:06:00Z,02-02-2026 07:39,2026-02-02T02:09:00Z,15.0500,True,True,Daily Status Report 02.02.2026.pdf
2026-02-02,NSFT,CB-02,CB02,,,,,,,,,,False,False,Daily Status Report 02.02.2026.pdf
2026-02-02,NSICT,CB-04,CB04,,,,,,,,,,False,False,Daily Status Report 02.02.2026.pdf
2026-02-02,NSICT,CB-05,CB05,,,,,,,,,,False,False,Daily Status Report 02.02.2026.pdf
2026-02-02,NSIGT,CB-06,CB-06,,R2889,MSC PARIS,CONTAINER,02-02-2026 00:06,2026-02-01T18:36:00Z,02-02-2026 12:30,2026-02-02T07:00:00Z,12.4000,True,True,Daily Status Report 02.02.2026.pdf
2026-02-02,APMT,APMT-01,APMT-01,,,,,,,,,,False,False,Daily Status Report 02.02.2026.pdf
2026-02-02,APMT,APMT-02,APMT-02,,R2892,ESL KABIR,CONTAINER,02-02-2026 00:30,2026-02-01T19:00:00Z,02-02-2026 23:59,2026-02-02T18:29:00Z,23.4833,True,True,Daily Status Report 02.02.2026.pdf
2026-02-02,BMCT,BMCT-01,BMCT-01,,R2870,XIN LOS ANGELES,CONTAINER,02-02-2026 02:54,2026-02-01T21:24:00Z,03-02-2026 11:00,2026-02-03T05:30:00Z,32.1000,True,True,Daily Status Report 02.02.2026.pdf
2026-02-02,BMCT,BMCT-02,BMCT-02,,R2746,CELSIUS EINDHOVEN,CONTAINER,01-02-2026 00:42,2026-01-31T19:12:00Z,02-02-2026 11:00,2026-02-02T05:30:00Z,34.3000,True,True,Daily Status Report 02.02.2026.pdf
2026-02-02,BMCT,BMCT-03,BMCT-03,,R2909,KOTA LIMA,CONTAINER,01-02-2026 01:42,2026-01-31T20:12:00Z,02-02-2026 10:30,2026-02-02T05:00:00Z,32.8000,True,True,Daily Status Report 02.02.2026.pdf
2026-02-02,BMCT,BMCT-04,BMCT-04,,R2841,MSC SIENA,CONTAINER,02-02-2026 01:00,2026-02-01T19:30:00Z,02-02-2026 19:30,2026-02-02T14:00:00Z,18.5000,True,True,Daily Status Report 02.02.2026.pdf
2026-02-02,BMCT,BMCT-05,BMCT-05,,R2988,MSC LONG BEACH VI,CONTAINER,02-02-2026 06:54,2026-02-02T01:24:00Z,02-02-2026 17:00,2026-02-02T11:30:00Z,10.1000,True,True,Daily Status Report 02.02.2026.pdf
2026-02-02,BPCL,LB-01,LB-01,,R7320,NISYROS,LPG MIX,31-01-2026 17:48,2026-01-31T12:18:00Z,02-02-2026 09:00,2026-02-02T03:30:00Z,39.2000,True,True,Daily Status Report 02.02.2026.pdf
2026-02-02,BPCL,LB-02,LB-02,,R7355,ACADIA PARK,PH. ACID,02-02-2026 01:36,2026-02-01T20:06:00Z,03-02-2026 08:00,2026-02-03T02:30:00Z,30.4000,True,True,Daily Status Report 02.02.2026.pdf
2026-02-02,JJLTPL,LB-03,LB-03,,R7359,SPICA,EDIBLE OIL,31-01-2026 17:12,2026-01-31T11:42:00Z,02-02-2026 17:39,2026-02-02T12:09:00Z,48.4500,True,True,Daily Status Report 02.02.2026.pdf
2026-02-02,JJLTPL,LB-04,LB-04,,,,,,,,,,False,False,Daily Status Report 02.02.2026.pdf
2026-02-02,NSDT,CCB-N,CCB-N,,,,,,,,,,False,False,Daily Status Report 02.02.2026.pdf
2026-02-02,NSDT,CCB-S,CCB-S,,R7391,DANAYA NAREE,CEMENT,31-01-2026 10:42,2026-01-31T05:12:00Z,02-02-2026 22:54,2026-02-02T17:24:00Z,60.2000,True,True,Daily Status Report 02.02.2026.pdf
2026-02-02,NSDT,NSD-02,NSD-02,,R2930,NIXIN 86,CONTAINER,02-02-2026 01:06,2026-02-01T19:36:00Z,02-02-2026 12:30,2026-02-02T07:00:00Z,11.4000,True,True,Daily Status Report 02.02.2026.pdf
2026-02-02,NSDT,NSD-03,NSD-03,,,,,,,,,,False,False,Daily Status Report 02.02.2026.pdf
2026-05-02,NSFT,CB-01,CB01,,S0164,MONALISA,CONTAINER,01-05-2026 18:42,2026-05-01T13:12:00Z,02-05-2026 09:00,2026-05-02T03:30:00Z,14.3000,True,True,Daily Status Report 02.05.2026.pdf
2026-05-02,NSFT,CB-02,CB02,,S0232,CMA CGM FORT ST. GEORGES,CONTAINER,30-04-2026 22:15,2026-04-30T16:45:00Z,02-05-2026 11:00,2026-05-02T05:30:00Z,36.7500,True,True,Daily Status Report 02.05.2026.pdf
2026-05-02,NSICT,CB-04,CB04,,S0149,FOLK JAZAN,CONTAINER,01-05-2026 20:24,2026-05-01T14:54:00Z,03-05-2026 00:01,2026-05-02T18:31:00Z,27.6167,True,True,Daily Status Report 02.05.2026.pdf
2026-05-02,NSICT,CB-05,CB05,,S0110,CORNELIA MAERSK,CONTAINER,02-05-2026 06:45,2026-05-02T01:15:00Z,03-05-2026 11:00,2026-05-03T05:30:00Z,28.2500,True,True,Daily Status Report 02.05.2026.pdf
2026-05-02,NSIGT,CB-06,CB-06,,S0245,GREENFIELD,CONTAINER,01-05-2026 17:00,2026-05-01T11:30:00Z,02-05-2026 19:00,2026-05-02T13:30:00Z,26.0000,True,True,Daily Status Report 02.05.2026.pdf
2026-05-02,APMT,APMT-01,APMT-01,,S0103,ALULA EXPRESS,CONTAINER,30-04-2026 06:30,2026-04-30T01:00:00Z,02-05-2026 07:30,2026-05-02T02:00:00Z,49.0000,True,True,Daily Status Report 02.05.2026.pdf
2026-05-02,APMT,APMT-02,APMT-02,,S0166,INTERASIA INSPIRATION,CONTAINER,01-05-2026 17:00,2026-05-01T11:30:00Z,02-05-2026 21:30,2026-05-02T16:00:00Z,28.5000,True,True,Daily Status Report 02.05.2026.pdf
2026-05-02,BMCT,BMCT-01,BMCT-01,,S0182,AS CAROLINA,CONTAINER,01-05-2026 18:00,2026-05-01T12:30:00Z,02-05-2026 17:00,2026-05-02T11:30:00Z,23.0000,True,True,Daily Status Report 02.05.2026.pdf
2026-05-02,BMCT,BMCT-02,BMCT-02,,S0258,MSC MICHIGAN VII,CONTAINER,01-05-2026 01:36,2026-04-30T20:06:00Z,02-05-2026 18:00,2026-05-02T12:30:00Z,40.4000,True,True,Daily Status Report 02.05.2026.pdf
2026-05-02,BMCT,BMCT-03,BMCT-03,,S0113,MAERSK ARAS,CONTAINER,30-04-2026 23:54,2026-04-30T18:24:00Z,03-05-2026 04:00,2026-05-02T22:30:00Z,52.1000,True,True,Daily Status Report 02.05.2026.pdf
2026-05-02,BMCT,BMCT-04,BMCT-04,,S0209,NUPY 5,CONTAINER,30-04-2026 23:36,2026-04-30T18:06:00Z,02-05-2026 11:00,2026-05-02T05:30:00Z,35.4000,True,True,Daily Status Report 02.05.2026.pdf
2026-05-02,BMCT,BMCT-05,BMCT-05,,S0104,HEMMA BHUM,CONTAINER,29-04-2026 22:42,2026-04-29T17:12:00Z,02-05-2026 13:00,2026-05-02T07:30:00Z,62.3000,True,True,Daily Status Report 02.05.2026.pdf
2026-05-02,BMCT,BMCT-06,BMCT-06,,,,,,,,,,False,False,Daily Status Report 02.05.2026.pdf
2026-05-02,BPCL,LB-01,LB-01,,S6161,MAYFAIR,HSD+MS,01-05-2026 07:24,2026-05-01T01:54:00Z,03-05-2026 08:00,2026-05-03T02:30:00Z,48.6000,True,True,Daily Status Report 02.05.2026.pdf
2026-05-02,BPCL,LB-02,LB-02,,S6176,HELIUM GAS,AMMONIA,01-05-2026 06:42,2026-05-01T01:12:00Z,03-05-2026 07:00,2026-05-03T01:30:00Z,48.3000,True,True,Daily Status Report 02.05.2026.pdf
2026-05-02,JJLTPL,LB-03,LB-03,,,,,,,,,,False,False,Daily Status Report 02.05.2026.pdf
2026-05-02,JJLTPL,LB-04,LB-04,,,,,,,,,,False,False,Daily Status Report 02.05.2026.pdf
2026-05-02,NSDT,CCB-N,CCB-N,,R7657,ARHAAN,DREDGER,24-03-2026 17:40,2026-03-24T12:10:00Z,,,,True,False,Daily Status Report 02.05.2026.pdf
2026-05-02,NSDT,CCB-S,CCB-S,,,,,,,,,,False,False,Daily Status Report 02.05.2026.pdf
2026-05-02,NSDT,NSD-02,NSD-02,,S6132,LAYLA,CONTAINER,01-05-2026 12:36,2026-05-01T07:06:00Z,02-05-2026 12:30,2026-05-02T07:00:00Z,23.9000,True,True,Daily Status Report 02.05.2026.pdf
2026-05-02,NSDT,NSD-03,NSD-03,,,,,,,,,,False,False,Daily Status Report 02.05.2026.pdf
2026-02-03,NSFT,CB-01,CB01,,R2905,CMA CGM HYDRA,CONTAINER,03-02-2026 02:30,2026-02-02T21:00:00Z,04-02-2026 03:30,2026-02-03T22:00:00Z,25.0000,True,True,Daily Status Report 03.02.2026.pdf
2026-02-03,NSFT,CB-02,CB02,,,,,,,,,,False,False,Daily Status Report 03.02.2026.pdf
2026-02-03,NSICT,CB-04,CB04,,,,,,,,,,False,False,Daily Status Report 03.02.2026.pdf
2026-02-03,NSICT,CB-05,CB05,,R2914,ONE THESEUS,CONTAINER,02-02-2026 12:12,2026-02-02T06:42:00Z,03-02-2026 10:00,2026-02-03T04:30:00Z,21.8000,True,True,Daily Status Report 03.02.2026.pdf
2026-02-03,NSIGT,CB-06,CB-06,,R2824,WAN HAI 627,CONTAINER,02-02-2026 14:30,2026-02-02T09:00:00Z,03-02-2026 16:00,2026-02-03T10:30:00Z,25.5000,True,True,Daily Status Report 03.02.2026.pdf
2026-02-03,APMT,APMT-01,APMT-01,,,,,,,,,,False,False,Daily Status Report 03.02.2026.pdf
2026-02-03,APMT,APMT-02,APMT-02,,,,,,,,,,False,False,Daily Status Report 03.02.2026.pdf
2026-02-03,BMCT,BMCT-01,BMCT-01,,R2870,XIN LOS ANGELES,CONTAINER,02-02-2026 02:54,2026-02-01T21:24:00Z,03-02-2026 11:00,2026-02-03T05:30:00Z,32.1000,True,True,Daily Status Report 03.02.2026.pdf
2026-02-03,BMCT,BMCT-02,BMCT-02,,R2939,BF HAMBURG,CONTAINER,02-02-2026 20:42,2026-02-02T15:12:00Z,03-02-2026 21:00,2026-02-03T15:30:00Z,24.3000,True,True,Daily Status Report 03.02.2026.pdf
2026-02-03,BMCT,BMCT-03,BMCT-03,,R2842,TORRANCE,CONTAINER,02-02-2026 14:06,2026-02-02T08:36:00Z,03-02-2026 13:00,2026-02-03T07:30:00Z,22.9000,True,True,Daily Status Report 03.02.2026.pdf
2026-02-03,BMCT,BMCT-04,BMCT-04,,R2846,HMM JAKARTA,CONTAINER,03-02-2026 02:25,2026-02-02T20:55:00Z,03-02-2026 16:30,2026-02-03T11:00:00Z,14.0833,True,True,Daily Status Report 03.02.2026.pdf
2026-02-03,BMCT,BMCT-05,BMCT-05,,R2937,MSC TORONTO,CONTAINER,03-02-2026 03:12,2026-02-02T21:42:00Z,04-02-2026 07:00,2026-02-04T01:30:00Z,27.8000,True,True,Daily Status Report 03.02.2026.pdf
2026-02-03,BPCL,LB-01,LB-01,,R7372,STOLT ACER,ACETONE,02-02-2026 17:30,2026-02-02T12:00:00Z,03-02-2026 15:00,2026-02-03T09:30:00Z,21.5000,True,True,Daily Status Report 03.02.2026.pdf
2026-02-03,BPCL,LB-02,LB-02,,R7355,ACADIA PARK,PH. ACID,02-02-2026 01:36,2026-02-01T20:06:00Z,03-02-2026 08:00,2026-02-03T02:30:00Z,30.4000,True,True,Daily Status Report 03.02.2026.pdf
2026-02-03,JJLTPL,LB-03,LB-03,,,,,,,,,,False,False,Daily Status Report 03.02.2026.pdf
2026-02-03,JJLTPL,LB-04,LB-04,,R7384,FORTUO,EDIBLE OIL,02-02-2026 18:12,2026-02-02T12:42:00Z,04-02-2026 06:48,2026-02-04T01:18:00Z,36.6000,True,True,Daily Status Report 03.02.2026.pdf
2026-02-03,NSDT,CCB-N,CCB-N,,,,,,,,,,False,False,Daily Status Report 03.02.2026.pdf
2026-02-03,NSDT,CCB-S,CCB-S,,,,,,,,,,False,False,Daily Status Report 03.02.2026.pdf
2026-02-03,NSDT,NSD-02,NSD-02,,,,,,,,,,False,False,Daily Status Report 03.02.2026.pdf
2026-02-03,NSDT,NSD-03,NSD-03,,R7400,AMNS TUFMAX,STEEL COIL,02-02-2026 12:12,2026-02-02T06:42:00Z,03-02-2026 02:00,2026-02-02T20:30:00Z,13.8000,True,True,Daily Status Report 03.02.2026.pdf
2026-05-03,NSFT,CB-01,CB01,,S0250,APL OREGON,CONTAINER,02-05-2026 11:54,2026-05-02T06:24:00Z,03-05-2026 11:00,2026-05-03T05:30:00Z,23.1000,True,True,Daily Status Report 03.05.2026.pdf
2026-05-03,NSFT,CB-02,CB02,,S0145,SEASPAN LAHORE,CONTAINER,02-05-2026 19:12,2026-05-02T13:42:00Z,03-05-2026 13:00,2026-05-03T07:30:00Z,17.8000,True,True,Daily Status Report 03.05.2026.pdf
2026-05-03,NSICT,CB-04,CB04,,,,,,,,,,False,False,Daily Status Report 03.05.2026.pdf
2026-05-03,NSICT,CB-05,CB05,,S0110,CORNELIA MAERSK,CONTAINER,02-05-2026 06:45,2026-05-02T01:15:00Z,03-05-2026 11:00,2026-05-03T05:30:00Z,28.2500,True,True,Daily Status Report 03.05.2026.pdf
2026-05-03,NSIGT,CB-06,CB-06,,S0080,GULF BARAKAH,CONTAINER,03-05-2026 07:12,2026-05-03T01:42:00Z,04-05-2026 01:00,2026-05-03T19:30:00Z,17.8000,True,True,Daily Status Report 03.05.2026.pdf
2026-05-03,APMT,APMT-01,APMT-01,,S0099,PORT KELANG EXPRESS,CONTAINER,02-05-2026 12:06,2026-05-02T06:36:00Z,03-05-2026 08:42,2026-05-03T03:12:00Z,20.6000,True,True,Daily Status Report 03.05.2026.pdf
2026-05-03,APMT,APMT-02,APMT-02,,S0152,ESL SHEKOU,CONTAINER,03-05-2026 00:24,2026-05-02T18:54:00Z,04-05-2026 04:00,2026-05-03T22:30:00Z,27.6000,True,True,Daily Status Report 03.05.2026.pdf
2026-05-03,BMCT,BMCT-01,BMCT-01,,S0255,TOR,CONTAINER,02-05-2026 23:30,2026-05-02T18:00:00Z,03-05-2026 08:00,2026-05-03T02:30:00Z,8.5000,True,True,Daily Status Report 03.05.2026.pdf
2026-05-03,BMCT,BMCT-02,BMCT-02,,S0146,KOTA PLUMBAGO,CONTAINER,03-05-2026 01:30,2026-05-02T20:00:00Z,04-05-2026 13:00,2026-05-04T07:30:00Z,35.5000,True,True,Daily Status Report 03.05.2026.pdf
2026-05-03,BMCT,BMCT-03,BMCT-03,,S0194,XIN BEIJING,CONTAINER,03-05-2026 02:36,2026-05-02T21:06:00Z,04-05-2026 10:00,2026-05-04T04:30:00Z,31.4000,True,True,Daily Status Report 03.05.2026.pdf
2026-05-03,BMCT,BMCT-04,BMCT-04,,S0295,HUI FA,CONTAINER,02-05-2026 13:12,2026-05-02T07:42:00Z,03-05-2026 21:00,2026-05-03T15:30:00Z,31.8000,True,True,Daily Status Report 03.05.2026.pdf
2026-05-03,BMCT,BMCT-05,BMCT-05,,,,,,,,,,False,False,Daily Status Report 03.05.2026.pdf
2026-05-03,BMCT,BMCT-06,BMCT-06,,,,,,,,,,False,False,Daily Status Report 03.05.2026.pdf
2026-05-03,BPCL,LB-01,LB-01,,S6161,MAYFAIR,HSD+MS,01-05-2026 07:24,2026-05-01T01:54:00Z,04-05-2026 01:00,2026-05-03T19:30:00Z,65.6000,True,True,Daily Status Report 03.05.2026.pdf
2026-05-03,BPCL,LB-02,LB-02,,S6172,CORONA,EDIBLE OIL,02-05-2026 22:06,2026-05-02T16:36:00Z,04-05-2026 07:00,2026-05-04T01:30:00Z,32.9000,True,True,Daily Status Report 03.05.2026.pdf
2026-05-03,JJLTPL,LB-03,LB-03,,S6184,CHEMROAD ZENITH,IPA,02-05-2026 17:05,2026-05-02T11:35:00Z,04-05-2026 02:53,2026-05-03T21:23:00Z,33.8000,True,True,Daily Status Report 03.05.2026.pdf
2026-05-03,JJLTPL,LB-04,LB-04,,S6221,GOLDEN DENISE,SM/MEOH,02-05-2026 22:36,2026-05-02T17:06:00Z,05-05-2026 06:29,2026-05-05T00:59:00Z,55.8833,True,True,Daily Status Report 03.05.2026.pdf
2026-05-03,NSDT,CCB-N,CCB-N,,R7657,ARHAAN,DREDGER,24-03-2026 17:40,2026-03-24T12:10:00Z,,,,True,False,Daily Status Report 03.05.2026.pdf
2026-05-03,NSDT,CCB-S,CCB-S,,,,,,,,,,False,False,Daily Status Report 03.05.2026.pdf
2026-05-03,NSDT,NSD-02,NSD-02,,S6162,APINYA NAREE,CEMENT,03-05-2026 07:12,2026-05-03T01:42:00Z,05-05-2026 07:12,2026-05-05T01:42:00Z,48.0000,True,True,Daily Status Report 03.05.2026.pdf
2026-05-03,NSDT,NSD-03,NSD-03,,,,,,,,,,False,False,Daily Status Report 03.05.2026.pdf
2026-02-04,NSFT,CB-01,CB01,,R2905,CMA CGM HYDRA,CONTAINER,03-02-2026 02:30,2026-02-02T21:00:00Z,04-02-2026 04:34,2026-02-03T23:04:00Z,26.0667,True,True,Daily Status Report 04.02.2026.pdf
2026-02-04,NSFT,CB-02,CB02,,R2915,ZHU CHENG XIN ZHOU,CONTAINER,03-02-2026 19:48,2026-02-03T14:18:00Z,04-02-2026 07:41,2026-02-04T02:11:00Z,11.8833,True,True,Daily Status Report 04.02.2026.pdf
2026-02-04,NSICT,CB-04,CB04,,,,,,,,,,False,False,Daily Status Report 04.02.2026.pdf
2026-02-04,NSICT,CB-05,CB05,,R2796,MAERSK KENTUCKY,CONTAINER,04-02-2026 07:00,2026-02-04T01:30:00Z,04-02-2026 23:00,2026-02-04T17:30:00Z,16.0000,True,True,Daily Status Report 04.02.2026.pdf
2026-02-04,NSIGT,CB-06,CB-06,,,,,,,,,,False,False,Daily Status Report 04.02.2026.pdf
2026-02-04,APMT,APMT-01,APMT-01,,,,,,,,,,False,False,Daily Status Report 04.02.2026.pdf
2026-02-04,APMT,APMT-02,APMT-02,,R2811,XPRESS CARINA,CONTAINER,04-02-2026 01:12,2026-02-03T19:42:00Z,04-02-2026 21:00,2026-02-04T15:30:00Z,19.8000,True,True,Daily Status Report 04.02.2026.pdf
2026-02-04,BMCT,BMCT-01,BMCT-01,,R2731,MAERSK IYO,CONTAINER,03-02-2026 14:24,2026-02-03T08:54:00Z,05-02-2026 06:00,2026-02-05T00:30:00Z,39.6000,True,True,Daily Status Report 04.02.2026.pdf
2026-02-04,BMCT,BMCT-02,BMCT-02,,R2929,KMTC NHAVA SHEVA,CONTAINER,04-02-2026 03:12,2026-02-03T21:42:00Z,05-02-2026 14:00,2026-02-05T08:30:00Z,34.8000,True,True,Daily Status Report 04.02.2026.pdf
2026-02-04,BMCT,BMCT-03,BMCT-03,,R2913,FOLK JEDDAH,CONTAINER,04-02-2026 02:24,2026-02-03T20:54:00Z,04-02-2026 19:00,2026-02-04T13:30:00Z,16.6000,True,True,Daily Status Report 04.02.2026.pdf
2026-02-04,BMCT,BMCT-03,BMCT-03,,R2874,OSHAIRIJ,CONTAINER,03-02-2026 20:42,2026-02-03T15:12:00Z,04-02-2026 13:00,2026-02-04T07:30:00Z,16.3000,True,True,Daily Status Report 04.02.2026.pdf
2026-02-04,BMCT,BMCT-04,BMCT-04,,R2908,KONRAD,CONTAINER,03-02-2026 21:12,2026-02-03T15:42:00Z,04-02-2026 13:00,2026-02-04T07:30:00Z,15.8000,True,True,Daily Status Report 04.02.2026.pdf
2026-02-04,BMCT,BMCT-04,BMCT-04,,R2861,BARYON,CONTAINER,04-02-2026 07:12,2026-02-04T01:42:00Z,05-02-2026 03:00,2026-02-04T21:30:00Z,19.8000,True,True,Daily Status Report 04.02.2026.pdf
2026-02-04,BMCT,BMCT-05,BMCT-05,,R2937,MSC TORONTO,CONTAINER,03-02-2026 03:12,2026-02-02T21:42:00Z,04-02-2026 10:00,2026-02-04T04:30:00Z,30.8000,True,True,Daily Status Report 04.02.2026.pdf
2026-02-04,BMCT,BMCT-06,BMCT-06,,,,,,,,,,False,False,Daily Status Report 04.02.2026.pdf
2026-02-04,BPCL,LB-01,LB-01,,R7402,GOODAL,A ACID+B ACETATE,03-02-2026 21:30,2026-02-03T16:00:00Z,05-02-2026 00:01,2026-02-04T18:31:00Z,26.5167,True,True,Daily Status Report 04.02.2026.pdf
2026-02-04,BPCL,LB-02,LB-02,,R7385,HIGH TIDE,HSD+MS,03-02-2026 14:24,2026-02-03T08:54:00Z,05-02-2026 03:00,2026-02-04T21:30:00Z,36.6000,True,True,Daily Status Report 04.02.2026.pdf
2026-02-04,JJLTPL,LB-03,LB-03,,,,,,,,,,False,False,Daily Status Report 04.02.2026.pdf
2026-02-04,JJLTPL,LB-04,LB-04,,R7384,FORTUO,EDIBLE OIL,02-02-2026 18:12,2026-02-02T12:42:00Z,04-02-2026 09:49,2026-02-04T04:19:00Z,39.6167,True,True,Daily Status Report 04.02.2026.pdf
2026-02-04,NSDT,CCB-N,CCB-N,,,,,,,,,,False,False,Daily Status Report 04.02.2026.pdf
2026-02-04,NSDT,CCB-S,CCB-S,,,,,,,,,,False,False,Daily Status Report 04.02.2026.pdf
2026-02-04,NSDT,NSD-02,NSD-02,,,,,,,,,,False,False,Daily Status Report 04.02.2026.pdf
2026-02-04,NSDT,NSD-03,NSD-03,,R2931,PLUTO,CONTAINER,04-02-2026 02:00,2026-02-03T20:30:00Z,04-02-2026 22:38,2026-02-04T17:08:00Z,20.6333,True,True,Daily Status Report 04.02.2026.pdf
2026-05-04,NSFT,CB-01,CB01,,,,,,,,,,False,False,Daily Status Report 04.05.2026.pdf
2026-05-04,NSFT,CB-02,CB02,,S0173,TJ ORHAN,CONTAINER,04-05-2026 03:54,2026-05-03T22:24:00Z,04-05-2026 11:00,2026-05-04T05:30:00Z,7.1000,True,True,Daily Status Report 04.05.2026.pdf
2026-05-04,NSICT,CB-04,CB04,,S0243,HONG YONG CHANG SHENG,CONTAINER,03-05-2026 21:36,2026-05-03T16:06:00Z,04-05-2026 15:00,2026-05-04T09:30:00Z,17.4000,True,True,Daily Status Report 04.05.2026.pdf
2026-05-04,NSICT,CB-05,CB05,,S0231,NORTHERN PRACTISE,CONTAINER,04-05-2026 09:48,2026-05-04T04:18:00Z,04-05-2026 20:00,2026-05-04T14:30:00Z,10.2000,True,True,Daily Status Report 04.05.2026.pdf
2026-05-04,NSIGT,CB-06,CB-06,,S0142,TORRENTE,CONTAINER,04-05-2026 06:48,2026-05-04T01:18:00Z,05-05-2026 07:45,2026-05-05T02:15:00Z,24.9500,True,True,Daily Status Report 04.05.2026.pdf
2026-05-04,APMT,APMT-01,APMT-01,,S0079,A P MOLLER,CONTAINER,03-05-2026 13:00,2026-05-03T07:30:00Z,04-05-2026 08:15,2026-05-04T02:45:00Z,19.2500,True,True,Daily Status Report 04.05.2026.pdf
2026-05-04,APMT,APMT-02,APMT-02,,S0109,REN JIAN 17,CONTAINER,04-05-2026 07:24,2026-05-04T01:54:00Z,04-05-2026 18:00,2026-05-04T12:30:00Z,10.6000,True,True,Daily Status Report 04.05.2026.pdf
2026-05-04,BMCT,BMCT-01,BMCT-01,,S0161,ONE REINFORCEMENT,CONTAINER,04-05-2026 02:42,2026-05-03T21:12:00Z,05-05-2026 10:00,2026-05-05T04:30:00Z,31.3000,True,True,Daily Status Report 04.05.2026.pdf
2026-05-04,BMCT,BMCT-02,BMCT-02,,S0146,KOTA PLUMBAGO,CONTAINER,03-05-2026 01:30,2026-05-02T20:00:00Z,04-05-2026 14:00,2026-05-04T08:30:00Z,36.5000,True,True,Daily Status Report 04.05.2026.pdf
2026-05-04,BMCT,BMCT-03,BMCT-03,,S0194,XIN BEIJING,CONTAINER,03-05-2026 02:36,2026-05-02T21:06:00Z,04-05-2026 13:00,2026-05-04T07:30:00Z,34.4000,True,True,Daily Status Report 04.05.2026.pdf
2026-05-04,BMCT,BMCT-04,BMCT-04,,S0171,SSF LEO,CONTAINER,04-05-2026 02:20,2026-05-03T20:50:00Z,05-05-2026 04:00,2026-05-04T22:30:00Z,25.6667,True,True,Daily Status Report 04.05.2026.pdf
2026-05-04,BMCT,BMCT-05,BMCT-05,,S0238,MSC ERICA,CONTAINER,03-05-2026 13:40,2026-05-03T08:10:00Z,04-05-2026 22:00,2026-05-04T16:30:00Z,32.3333,True,True,Daily Status Report 04.05.2026.pdf
2026-05-04,BMCT,BMCT-06,BMCT-06,,,,,,,,,,False,False,Daily Status Report 04.05.2026.pdf
2026-05-04,BPCL,LB-01,LB-01,,S6161,MAYFAIR,HSD+MS,01-05-2026 07:24,2026-05-01T01:54:00Z,04-05-2026 06:42,2026-05-04T01:12:00Z,71.3000,True,True,Daily Status Report 04.05.2026.pdf
2026-05-04,BPCL,LB-02,LB-02,,S6172,CORONA,EDIBLE OIL,02-05-2026 22:06,2026-05-02T16:36:00Z,04-05-2026 13:00,2026-05-04T07:30:00Z,38.9000,True,True,Daily Status Report 04.05.2026.pdf
2026-05-04,JJLTPL,LB-03,LB-03,,,,,,,,,,False,False,Daily Status Report 04.05.2026.pdf
2026-05-04,JJLTPL,LB-04,LB-04,,S6221,GOLDEN DENISE,CHEMICALS,02-05-2026 22:36,2026-05-02T17:06:00Z,05-05-2026 04:18,2026-05-04T22:48:00Z,53.7000,True,True,Daily Status Report 04.05.2026.pdf
2026-05-04,NSDT,CCB-N,CCB-N,,R7657,ARHAAN,DREDGER,24-03-2026 17:40,2026-03-24T12:10:00Z,,,,True,False,Daily Status Report 04.05.2026.pdf
2026-05-04,NSDT,CCB-S,CCB-S,,,,,,,,,,False,False,Daily Status Report 04.05.2026.pdf
2026-05-04,NSDT,NSD-02,NSD-02,,S6162,APINYA NAREE,CEMENT,03-05-2026 07:12,2026-05-03T01:42:00Z,05-05-2026 10:30,2026-05-05T05:00:00Z,51.3000,True,True,Daily Status Report 04.05.2026.pdf
2026-05-04,NSDT,NSD-03,NSD-03,,,,,,,,,,False,False,Daily Status Report 04.05.2026.pdf
2026-02-05,NSFT,CB-01,CB01,,R2912,APL BARCELONA,CONTAINER,04-02-2026 15:12,2026-02-04T09:42:00Z,05-02-2026 14:00,2026-02-05T08:30:00Z,22.8000,True,True,Daily Status Report 05.02.2026.pdf
2026-02-05,NSFT,CB-02,CB02,,R2835,LOBIVIA,CONTAINER,05-02-2026 03:48,2026-02-04T22:18:00Z,05-02-2026 23:30,2026-02-05T18:00:00Z,19.7000,True,True,Daily Status Report 05.02.2026.pdf
2026-02-05,NSICT,CB-04,CB04,,R2819,XPRESS KAILASH,CONTAINER,05-02-2026 01:06,2026-02-04T19:36:00Z,05-02-2026 09:30,2026-02-05T04:00:00Z,8.4000,True,True,Daily Status Report 05.02.2026.pdf
2026-02-05,NSICT,CB-05,CB05,,,,,,,,,,False,False,Daily Status Report 05.02.2026.pdf
2026-02-05,NSIGT,CB-06,CB-06,,R2901,DP WPRLD CHENNAI,CONTAINER,04-02-2026 20:54,2026-02-04T15:24:00Z,05-02-2026 19:00,2026-02-05T13:30:00Z,22.1000,True,True,Daily Status Report 05.02.2026.pdf
2026-02-05,APMT,APMT-01,APMT-01,,R2829,AL RIFFA,CONTAINER,04-02-2026 09:48,2026-02-04T04:18:00Z,05-02-2026 13:30,2026-02-05T08:00:00Z,27.7000,True,True,Daily Status Report 05.02.2026.pdf
2026-02-05,APMT,APMT-02,APMT-02,,,,,,,,,,False,False,Daily Status Report 05.02.2026.pdf
2026-02-05,BMCT,BMCT-01,BMCT01,,R2731,MAERSK IYO,CONTAINER,03-02-2026 14:24,2026-02-03T08:54:00Z,05-02-2026 09:30,2026-02-05T04:00:00Z,43.1000,True,True,Daily Status Report 05.02.2026.pdf
2026-02-05,BMCT,BMCT-02,BMCT02,,R2929,KMTC NHAVA SHEVA,CONTAINER,04-02-2026 03:12,2026-02-03T21:42:00Z,05-02-2026 12:00,2026-02-05T06:30:00Z,32.8000,True,True,Daily Status Report 05.02.2026.pdf
2026-02-05,BMCT,BMCT-03,BMCT03,,R2903,SPRINTER,CONTAINER,04-02-2026 19:42,2026-02-04T14:12:00Z,05-02-2026 14:00,2026-02-05T08:30:00Z,18.3000,True,True,Daily Status Report 05.02.2026.pdf
2026-02-05,BMCT,BMCT-04,BMCT04,,,,,,,,,,False,False,Daily Status Report 05.02.2026.pdf
2026-02-05,BMCT,BMCT-05,BMCT05,,R2904,MSC ESTHI,CONTAINER,04-02-2026 14:48,2026-02-04T09:18:00Z,05-02-2026 14:00,2026-02-05T08:30:00Z,23.2000,True,True,Daily Status Report 05.02.2026.pdf
2026-02-05,BPCL,LB-01,LB-01,,,,,,,,,,False,False,Daily Status Report 05.02.2026.pdf
2026-02-05,BPCL,LB-02,LB-02,,,,,,,,,,False,False,Daily Status Report 05.02.2026.pdf
2026-02-05,JJLTPL,LB-03,LB-03,,R7382,MISTRAL FLAME,EDIBLE OIL,04-02-2026 13:06,2026-02-04T07:36:00Z,06-02-2026 14:16,2026-02-06T08:46:00Z,49.1667,True,True,Daily Status Report 05.02.2026.pdf
2026-02-05,JJLTPL,LB-04,LB-04,,,,,,,,,,False,False,Daily Status Report 05.02.2026.pdf
2026-02-05,NSDT,CCB-N,CCB-N,,,,,,,,,,False,False,Daily Status Report 05.02.2026.pdf
2026-02-05,NSDT,CCB-S,CCB-S,,R7394,BOONYA NAREE,CEMENT,04-02-2026 13:48,2026-02-04T08:18:00Z,06-02-2026 21:45,2026-02-06T16:15:00Z,55.9500,True,True,Daily Status Report 05.02.2026.pdf
2026-02-05,NSDT,NSD-02,NSD-02,,R7421,COASTAL AMIGO,STEEL,05-02-2026 02:30,2026-02-04T21:00:00Z,05-02-2026 07:00,2026-02-05T01:30:00Z,4.5000,True,True,Daily Status Report 05.02.2026.pdf
2026-02-05,NSDT,NSD-03,NSD-03,,R2931,PLUTO,CONTAINER,04-02-2026 02:00,2026-02-03T20:30:00Z,04-02-2026 20:35,2026-02-04T15:05:00Z,18.5833,True,True,Daily Status Report 05.02.2026.pdf
2026-05-05,NSFT,CB-01,CB01,,,,,,,,,,False,False,Daily Status Report 05.05.2026.pdf
2026-05-05,NSFT,CB-02,CB02,,,,,,,,,,False,False,Daily Status Report 05.05.2026.pdf
2026-05-05,NSICT,CB-04,CB04,,,,,,,,,,False,False,Daily Status Report 05.05.2026.pdf
2026-05-05,NSICT,CB-05,CB05,,S0233,EVER LADEN,CONTAINER,04-05-2026 23:24,2026-05-04T17:54:00Z,05-05-2026 23:30,2026-05-05T18:00:00Z,24.1000,True,True,Daily Status Report 05.05.2026.pdf
2026-05-05,NSIGT,CB-06,CB-06,,S0142,TORRENTE,CONTAINER,04-05-2026 06:48,2026-05-04T01:18:00Z,05-05-2026 13:00,2026-05-05T07:30:00Z,30.2000,True,True,Daily Status Report 05.05.2026.pdf
2026-05-05,APMT,APMT-01,APMT-01,,S0148,OOCL HAMBURG,CONTAINER,04-05-2026 13:30,2026-05-04T08:00:00Z,05-05-2026 23:59,2026-05-05T18:29:00Z,34.4833,True,True,Daily Status Report 05.05.2026.pdf
2026-05-05,APMT,APMT-02,APMT-02,,S0183,ZHONG GU NAN NING,CONTAINER,05-05-2026 00:54,2026-05-04T19:24:00Z,05-05-2026 17:00,2026-05-05T11:30:00Z,16.1000,True,True,Daily Status Report 05.05.2026.pdf
2026-05-05,BMCT,BMCT-01,BMCT-01,,S0161,ONE REINFORCEMENT,CONTAINER,04-05-2026 02:42,2026-05-03T21:12:00Z,05-05-2026 12:00,2026-05-05T06:30:00Z,33.3000,True,True,Daily Status Report 05.05.2026.pdf
2026-05-05,BMCT,BMCT-02,BMCT-02,,R3579,STONEWELL GLORY,CONTAINER,04-05-2026 18:42,2026-05-04T13:12:00Z,05-05-2026 23:00,2026-05-05T17:30:00Z,28.3000,True,True,Daily Status Report 05.05.2026.pdf
2026-05-05,BMCT,BMCT-03,BMCT-03,,S0066,HMM PROMISE,CONTAINER,04-05-2026 15:54,2026-05-04T10:24:00Z,05-05-2026 18:00,2026-05-05T12:30:00Z,26.1000,True,True,Daily Status Report 05.05.2026.pdf
2026-05-05,BMCT,BMCT-04,BMCT-04,,S0171,SSF LEO,CONTAINER,04-05-2026 02:20,2026-05-03T20:50:00Z,05-05-2026 09:30,2026-05-05T04:00:00Z,31.1667,True,True,Daily Status Report 05.05.2026.pdf
2026-05-05,BMCT,BMCT-05,BMCT-05,,S0391,GREENFIELD,CONTAINER,05-05-2026 00:18,2026-05-04T18:48:00Z,05-05-2026 09:00,2026-05-05T03:30:00Z,8.7000,True,True,Daily Status Report 05.05.2026.pdf
2026-05-05,BMCT,BMCT-06,BMCT-06,,,,,,,,,,False,False,Daily Status Report 05.05.2026.pdf
2026-05-05,BPCL,LB-01,LB-01,,S6142,SANMAR SITAR,ATF,04-05-2026 21:15,2026-05-04T15:45:00Z,06-05-2026 12:00,2026-05-06T06:30:00Z,38.7500,True,True,Daily Status Report 05.05.2026.pdf
2026-05-05,BPCL,LB-02,LB-02,,S6190,CULTURE,FO [E],04-05-2026 23:00,2026-05-04T17:30:00Z,06-05-2026 04:00,2026-05-05T22:30:00Z,29.0000,True,True,Daily Status Report 05.05.2026.pdf
2026-05-05,JJLTPL,LB-03,LB-03,,,,,,,,,,False,False,Daily Status Report 05.05.2026.pdf
2026-05-05,JJLTPL,LB-04,LB-04,,S6199,SAEHAN KOSTAR,BASE OIL,05-05-2026 07:30,2026-05-05T02:00:00Z,07-05-2026 14:00,2026-05-07T08:30:00Z,54.5000,True,True,Daily Status Report 05.05.2026.pdf
2026-05-05,NSDT,CCB-N,CCB-N,,,,,,,,,,False,False,Daily Status Report 05.05.2026.pdf
2026-05-05,NSDT,CCB-N,CCB-N,,R7657,ARHAAN,DREDGER,24-03-2026 17:40,2026-03-24T12:10:00Z,,,,True,False,Daily Status Report 05.05.2026.pdf
2026-05-05,NSDT,CCB-S,CCB-S,,,,,,,,,,False,False,Daily Status Report 05.05.2026.pdf
2026-05-05,NSDT,NSD-02,NSD-02,,S6162,APINYA NAREE,CEMENT,03-05-2026 07:12,2026-05-03T01:42:00Z,05-05-2026 13:21,2026-05-05T07:51:00Z,54.1500,True,True,Daily Status Report 05.05.2026.pdf
2026-05-05,NSDT,NSD-03,NSD-03,,,,,,,,,,False,False,Daily Status Report 05.05.2026.pdf
2026-02-06,NSFT,CB-01,CB01,,,,,,,,,,False,False,Daily Status Report 06.02.2026.pdf
2026-02-06,NSFT,CB-02,CB02,,,,,,,,,,False,False,Daily Status Report 06.02.2026.pdf
2026-02-06,NSICT,CB-04,CB04,,R2806,ZHONG GU SHENG YANG,CONTAINER,05-02-2026 14:00,2026-02-05T08:30:00Z,06-02-2026 13:30,2026-02-06T08:00:00Z,23.5000,True,True,Daily Status Report 06.02.2026.pdf
2026-02-06,NSICT,CB-05,CB05,,R2793,MAERSK PITTSBURGH,CONTAINER,05-02-2026 08:30,2026-02-05T03:00:00Z,06-02-2026 07:00,2026-02-06T01:30:00Z,22.5000,True,True,Daily Status Report 06.02.2026.pdf
2026-02-06,NSIGT,CB-06,CB-06,,R3017,MSC PRECISION V,CONTAINER,06-02-2026 03:24,2026-02-05T21:54:00Z,06-02-2026 12:30,2026-02-06T07:00:00Z,9.1000,True,True,Daily Status Report 06.02.2026.pdf
2026-02-06,APMT,APMT-01,APMT-01,,R2867,X PRESS ANGLESEY,CONTAINER,05-02-2026 17:24,2026-02-05T11:54:00Z,06-02-2026 09:30,2026-02-06T04:00:00Z,16.1000,True,True,Daily Status Report 06.02.2026.pdf
2026-02-06,APMT,APMT-02,APMT-02,,,,,,,,,,False,False,Daily Status Report 06.02.2026.pdf
2026-02-06,BMCT,BMCT-01,BMCT-01,,R2944,EVER LUCID,CONTAINER,05-02-2026 14:48,2026-02-05T09:18:00Z,07-02-2026 01:00,2026-02-06T19:30:00Z,34.2000,True,True,Daily Status Report 06.02.2026.pdf
2026-02-06,BMCT,BMCT-02,BMCT-02,,R3003,MSC MAUREEN,CONTAINER,05-02-2026 15:30,2026-02-05T10:00:00Z,06-02-2026 16:00,2026-02-06T10:30:00Z,24.5000,True,True,Daily Status Report 06.02.2026.pdf
2026-02-06,BMCT,BMCT-03,BMCT-03,,R2973,REN JIAN 19,CONTAINER,05-02-2026 19:54,2026-02-05T14:24:00Z,07-02-2026 12:00,2026-02-07T06:30:00Z,40.1000,True,True,Daily Status Report 06.02.2026.pdf
2026-02-06,BMCT,BMCT-04,BMCT-04,,R2847,SEASPAN BELLWETHER,CONTAINER,05-02-2026 14:30,2026-02-05T09:00:00Z,06-02-2026 14:00,2026-02-06T08:30:00Z,23.5000,True,True,Daily Status Report 06.02.2026.pdf
2026-02-06,BMCT,BMCT-05,BMCT-05,,R2945,INTERASIA TRIUMPH,CONTAINER,06-02-2026 06:36,2026-02-06T01:06:00Z,07-02-2026 07:00,2026-02-07T01:30:00Z,24.4000,True,True,Daily Status Report 06.02.2026.pdf
2026-02-06,BPCL,LB-01,LB-01,,,,,,,,,,False,False,Daily Status Report 06.02.2026.pdf
2026-02-06,BPCL,LB-02,LB-02,,,,,,,,,,False,False,Daily Status Report 06.02.2026.pdf
2026-02-06,JJLTPL,LB-03,LB-03,,R7382,MISTRAL FLAME,EDIBLE OIL,04-02-2026 13:06,2026-02-04T07:36:00Z,06-02-2026 21:25,2026-02-06T15:55:00Z,56.3167,True,True,Daily Status Report 06.02.2026.pdf
2026-02-06,JJLTPL,LB-04,LB-04,,R7373,KAIMON GALAXY,BASE OIL,06-02-2026 08:20,2026-02-06T02:50:00Z,06-02-2026 19:00,2026-02-06T13:30:00Z,10.6667,True,True,Daily Status Report 06.02.2026.pdf
2026-02-06,NSDT,CCB-N,CCB-N,,,,,,,,,,False,False,Daily Status Report 06.02.2026.pdf
2026-02-06,NSDT,CCB-S,CCB-S,,R7394,BOONYA NAREE,CEMENT,04-02-2026 13:48,2026-02-04T08:18:00Z,06-02-2026 21:45,2026-02-06T16:15:00Z,55.9500,True,True,Daily Status Report 06.02.2026.pdf
2026-02-06,NSDT,NSD-02,NSD-02,,R7420,QD SUMMER,BASE OIL,05-02-2026 20:18,2026-02-05T14:48:00Z,07-02-2026 07:06,2026-02-07T01:36:00Z,34.8000,True,True,Daily Status Report 06.02.2026.pdf
2026-02-06,NSDT,NSD-03,NSD-03,,R2931,PLUTO,CONTAINER,04-02-2026 02:00,2026-02-03T20:30:00Z,04-02-2026 20:35,2026-02-04T15:05:00Z,18.5833,True,True,Daily Status Report 06.02.2026.pdf
2026-05-06,NSFT,CB-01,CB01,,S0260,COSCO ENGLAND,CONTAINER,05-05-2026 13:54,2026-05-05T08:24:00Z,06-05-2026 13:30,2026-05-06T08:00:00Z,23.6000,True,True,Daily Status Report 06.05.2026.pdf
2026-05-06,NSFT,CB-02,CB02,,,,,,,,,,False,False,Daily Status Report 06.05.2026.pdf
2026-05-06,NSICT,CB-04,CB04,,,,,,,,,,False,False,Daily Status Report 06.05.2026.pdf
2026-05-06,NSICT,CB-05,CB05,,,,,,,,,,False,False,Daily Status Report 06.05.2026.pdf
2026-05-06,NSIGT,CB-06,CB-06,,S0212,INTERASIA ENHANCE,CONTAINER,05-05-2026 19:42,2026-05-05T14:12:00Z,06-05-2026 18:00,2026-05-06T12:30:00Z,22.3000,True,True,Daily Status Report 06.05.2026.pdf
2026-05-06,APMT,APMT-01,APMT-01,,S0282,EMERALD TOWER,CONTAINER,06-05-2026 01:24,2026-05-05T19:54:00Z,07-05-2026 21:00,2026-05-07T15:30:00Z,43.6000,True,True,Daily Status Report 06.05.2026.pdf
2026-05-06,APMT,APMT-02,APMT-02,,S0246,WAN HAI 507,CONTAINER,06-05-2026 08:48,2026-05-06T03:18:00Z,07-05-2026 03:00,2026-05-06T21:30:00Z,18.2000,True,True,Daily Status Report 06.05.2026.pdf
2026-05-06,BMCT,BMCT-01,BMCT-01,,S0264,TS KELANG,CONTAINER,05-05-2026 14:30,2026-05-05T09:00:00Z,07-05-2026 01:00,2026-05-06T19:30:00Z,34.5000,True,True,Daily Status Report 06.05.2026.pdf
2026-05-06,BMCT,BMCT-02,BMCT-02,,,,,,,,,,False,False,Daily Status Report 06.05.2026.pdf
2026-05-06,BMCT,BMCT-03,BMCT-03 (NORTH),NORTH,S0216,OSHAIRIJ,CONTAINER,05-05-2026 21:42,2026-05-05T16:12:00Z,06-05-2026 21:00,2026-05-06T15:30:00Z,23.3000,True,True,Daily Status Report 06.05.2026.pdf
2026-05-06,BMCT,BMCT-03,BMCT-03 (SOUTH),SOUTH,S0170,GFS PRECIOUS,CONTAINER,05-05-2026 21:30,2026-05-05T16:00:00Z,06-05-2026 18:00,2026-05-06T12:30:00Z,20.5000,True,True,Daily Status Report 06.05.2026.pdf
2026-05-06,BMCT,BMCT-04,BMCT-04,,S0095,HONG DA XIN TIAN JIN,CONTAINER,05-05-2026 11:12,2026-05-05T05:42:00Z,06-05-2026 15:00,2026-05-06T09:30:00Z,27.8000,True,True,Daily Status Report 06.05.2026.pdf
2026-05-06,BMCT,BMCT-05,BMCT-05,,S0328,CONTSHIP ANA II,CONTAINER,05-05-2026 11:42,2026-05-05T06:12:00Z,06-05-2026 20:00,2026-05-06T14:30:00Z,32.3000,True,True,Daily Status Report 06.05.2026.pdf
2026-05-06,BMCT,BMCT-06,BMCT-06,,,,,,,,,,False,False,Daily Status Report 06.05.2026.pdf
2026-05-06,BPCL,LB-01,LB-01,,S6142,SANMAR SITAR,ATF,04-05-2026 21:15,2026-05-04T15:45:00Z,06-05-2026 16:00,2026-05-06T10:30:00Z,42.7500,True,True,Daily Status Report 06.05.2026.pdf
2026-05-06,BPCL,LB-02,LB-02,,,,,,,,,,False,False,Daily Status Report 06.05.2026.pdf
2026-05-06,JJLTPL,LB-03,LB-03,,,,,,,,,,False,False,Daily Status Report 06.05.2026.pdf
2026-05-06,JJLTPL,LB-04,LB-04,,S6199,SAEHAN KOSTAR,BASE OIL,05-05-2026 07:30,2026-05-05T02:00:00Z,07-05-2026 05:21,2026-05-06T23:51:00Z,45.8500,True,True,Daily Status Report 06.05.2026.pdf
2026-05-06,NSDT,CCB-N,CCB-N,,R7657,ARHAAN,DREDGER,24-03-2026 17:40,2026-03-24T12:10:00Z,,,,True,False,Daily Status Report 06.05.2026.pdf
2026-05-06,NSDT,CCB-S,CCB-S,,,,,,,,,,False,False,Daily Status Report 06.05.2026.pdf
2026-05-06,NSDT,NSD-02,NSD-02,,S0294,OCEAN BREEZE I,CONTAINER,06-05-2026 01:00,2026-05-05T19:30:00Z,06-05-2026 16:00,2026-05-06T10:30:00Z,15.0000,True,True,Daily Status Report 06.05.2026.pdf
2026-05-06,NSDT,NSD-03,NSD-03,,,,,,,,,,False,False,Daily Status Report 06.05.2026.pdf
2026-02-07,NSFT,CB-01,CB01,,R2943,CMA CGM CENDRILLION,CONTAINER,05-02-2026 22:15,2026-02-05T16:45:00Z,07-02-2026 17:30,2026-02-07T12:00:00Z,43.2500,True,True,Daily Status Report 07.02.2026.pdf
2026-02-07,NSFT,CB-02,CB02,,,,,,,,,,False,False,Daily Status Report 07.02.2026.pdf
2026-02-07,NSICT,CB-04,CB04,,R2934,HIRANYA BHUM,CONTAINER,06-02-2026 16:18,2026-02-06T10:48:00Z,07-02-2026 10:00,2026-02-07T04:30:00Z,17.7000,True,True,Daily Status Report 07.02.2026.pdf
2026-02-07,NSICT,CB-05,CB05,,R2954,MSC MARIANNA,CONTAINER,07-02-2026 02:36,2026-02-06T21:06:00Z,07-02-2026 23:00,2026-02-07T17:30:00Z,20.4000,True,True,Daily Status Report 07.02.2026.pdf
2026-02-07,NSIGT,CB-06,CB-06,,R2840,TIRUA,CONTAINER,07-02-2026 04:18,2026-02-06T22:48:00Z,08-02-2026 01:00,2026-02-07T19:30:00Z,20.7000,True,True,Daily Status Report 07.02.2026.pdf
2026-02-07,APMT,APMT-01,APMT-01,,R2792,ALBERT MAERSK,CONTAINER,06-02-2026 22:00,2026-02-06T16:30:00Z,08-02-2026 01:00,2026-02-07T19:30:00Z,27.0000,True,True,Daily Status Report 07.02.2026.pdf
2026-02-07,APMT,APMT-02,APMT-02,,R2890,ONE MAXIM,CONTAINER,06-02-2026 10:18,2026-02-06T04:48:00Z,07-02-2026 12:00,2026-02-07T06:30:00Z,25.7000,True,True,Daily Status Report 07.02.2026.pdf
2026-02-07,BMCT,BMCT-01,BMCT-01,,R2887,HALLEY,CONTAINER,07-02-2026 07:42,2026-02-07T02:12:00Z,08-02-2026 10:00,2026-02-08T04:30:00Z,26.3000,True,True,Daily Status Report 07.02.2026.pdf
2026-02-07,BMCT,BMCT-02,BMCT-02,,R2855,VIVIEN A,CONTAINER,06-02-2026 20:20,2026-02-06T14:50:00Z,07-02-2026 16:00,2026-02-07T10:30:00Z,19.6667,True,True,Daily Status Report 07.02.2026.pdf
2026-02-07,BMCT,BMCT-03,BMCT-03,,R2973,REN JIAN 19,CONTAINER,05-02-2026 19:54,2026-02-05T14:24:00Z,07-02-2026 08:00,2026-02-07T02:30:00Z,36.1000,True,True,Daily Status Report 07.02.2026.pdf
2026-02-07,BMCT,BMCT-04,BMCT-04,,R2957,CONDOR,CONTAINER,06-02-2026 17:06,2026-02-06T11:36:00Z,07-02-2026 19:00,2026-02-07T13:30:00Z,25.9000,True,True,Daily Status Report 07.02.2026.pdf
2026-02-07,BMCT,BMCT-05,BMCT-05,,R2945,INTERASIA TRIUMPH,CONTAINER,06-02-2026 06:36,2026-02-06T01:06:00Z,07-02-2026 08:15,2026-02-07T02:45:00Z,25.6500,True,True,Daily Status Report 07.02.2026.pdf
2026-02-07,BPCL,LB-01,LB-01,,,,,,,,,,False,False,Daily Status Report 07.02.2026.pdf
2026-02-07,BPCL,LB-02,LB-02,,R7385,HIGH TIDE,MS & HSD,07-02-2026 03:24,2026-02-06T21:54:00Z,07-02-2026 12:30,2026-02-07T07:00:00Z,9.1000,True,True,Daily Status Report 07.02.2026.pdf
2026-02-07,JJLTPL,LB-03,LB-03,,,,,,,,,,False,False,Daily Status Report 07.02.2026.pdf
2026-02-07,JJLTPL,LB-04,LB-04,,R7418,ASIAN LILAC,CHEMICALS,07-02-2026 03:42,2026-02-06T22:12:00Z,07-02-2026 17:34,2026-02-07T12:04:00Z,13.8667,True,True,Daily Status Report 07.02.2026.pdf
2026-02-07,NSDT,CCB-N,CCB-N,,,,,,,,,,False,False,Daily Status Report 07.02.2026.pdf
2026-02-07,NSDT,CCB-S,CCB-S,,,,,,,,,,False,False,Daily Status Report 07.02.2026.pdf
2026-02-07,NSDT,NSD-02,NSD-02,,R7420,QD SUMMER,BASE OIL,05-02-2026 20:18,2026-02-05T14:48:00Z,07-02-2026 09:52,2026-02-07T04:22:00Z,37.5667,True,True,Daily Status Report 07.02.2026.pdf
2026-02-07,NSDT,NSD-03,NSD-03,,,,,,,,,,False,False,Daily Status Report 07.02.2026.pdf
2026-05-07,NSFT,CB-01,CB01,,S0376,TEMA EXPRESS,CONTAINER,06-05-2026 19:36,2026-05-06T14:06:00Z,07-05-2026 08:00,2026-05-07T02:30:00Z,12.4000,True,True,Daily Status Report 07.05.2026.pdf
2026-05-07,NSFT,CB-02,CB02,,S0340,EF OLIVIA,CONTAINER,06-05-2026 23:00,2026-05-06T17:30:00Z,07-05-2026 13:00,2026-05-07T07:30:00Z,14.0000,True,True,Daily Status Report 07.05.2026.pdf
2026-05-07,NSICT,CB-04,CB04,,,,,,,,,,False,False,Daily Status Report 07.05.2026.pdf
2026-05-07,NSICT,CB-05,CB05,,S0191,MAERSK FLORENCE,CONTAINER,07-05-2026 02:42,2026-05-06T21:12:00Z,07-05-2026 23:00,2026-05-07T17:30:00Z,20.3000,True,True,Daily Status Report 07.05.2026.pdf
2026-05-07,NSIGT,CB-06,CB-06,,S0062,DP WORLD CHENNAI,CONTAINER,06-05-2026 19:06,2026-05-06T13:36:00Z,07-05-2026 12:30,2026-05-07T07:00:00Z,17.4000,True,True,Daily Status Report 07.05.2026.pdf
2026-05-07,APMT,APMT-01,APMT-01,,S0282,EMERALD TOWER,CONTAINER,06-05-2026 01:24,2026-05-05T19:54:00Z,07-05-2026 22:00,2026-05-07T16:30:00Z,44.6000,True,True,Daily Status Report 07.05.2026.pdf
2026-05-07,APMT,APMT-02,APMT-02,,S0246,WAN HAI 507,CONTAINER,06-05-2026 08:48,2026-05-06T03:18:00Z,07-05-2026 21:00,2026-05-07T15:30:00Z,36.2000,True,True,Daily Status Report 07.05.2026.pdf
2026-05-07,BMCT,BMCT-01,BMCT-01,,S0218,BARYON,CONTAINER,07-05-2026 04:48,2026-05-06T23:18:00Z,08-05-2026 01:00,2026-05-07T19:30:00Z,20.2000,True,True,Daily Status Report 07.05.2026.pdf
2026-05-07,BMCT,BMCT-02,BMCT-02,,S0333,EKATERINA,CONTAINER,07-05-2026 00:42,2026-05-06T19:12:00Z,07-05-2026 14:00,2026-05-07T08:30:00Z,13.3000,True,True,Daily Status Report 07.05.2026.pdf
2026-05-07,BMCT,BMCT-03,BMCT-03,,S0313,PAYA LEBAR,CONTAINER,07-05-2026 02:12,2026-05-06T20:42:00Z,08-05-2026 17:00,2026-05-08T11:30:00Z,38.8000,True,True,Daily Status Report 07.05.2026.pdf
2026-05-07,BMCT,BMCT-04,BMCT-04,,S0074,HUNSA BHUM,CONTAINER,07-05-2026 02:54,2026-05-06T21:24:00Z,07-05-2026 19:00,2026-05-07T13:30:00Z,16.1000,True,True,Daily Status Report 07.05.2026.pdf
2026-05-07,BMCT,BMCT-05,BMCT-05,,S0299,CONTI MAKALU,CONTAINER,07-05-2026 03:48,2026-05-06T22:18:00Z,07-05-2026 20:00,2026-05-07T14:30:00Z,16.2000,True,True,Daily Status Report 07.05.2026.pdf
2026-05-07,BMCT,BMCT-06,BMCT-06,,,,,,,,,,False,False,Daily Status Report 07.05.2026.pdf
2026-05-07,BPCL,LB-01,LB-01,,S6187,AU TAURAS,EDIBLE OIL,07-05-2026 04:42,2026-05-06T23:12:00Z,07-05-2026 14:00,2026-05-07T08:30:00Z,9.3000,True,True,Daily Status Report 07.05.2026.pdf
2026-05-07,BPCL,LB-02,LB-02,,S6207,MS FREESIA,VAM+A.ACID,06-05-2026 13:20,2026-05-06T07:50:00Z,07-05-2026 22:00,2026-05-07T16:30:00Z,32.6667,True,True,Daily Status Report 07.05.2026.pdf
2026-05-07,JJLTPL,LB-03,LB-03,,S6243,DS ROSA,SM/IPA/ACETONE,06-05-2026 22:05,2026-05-06T16:35:00Z,08-05-2026 06:34,2026-05-08T01:04:00Z,32.4833,True,True,Daily Status Report 07.05.2026.pdf
2026-05-07,JJLTPL,LB-04,LB-04,,S6199,SAEHAN KOSTAR,BASE OIL,05-05-2026 07:30,2026-05-05T02:00:00Z,07-05-2026 16:27,2026-05-07T10:57:00Z,56.9500,True,True,Daily Status Report 07.05.2026.pdf
2026-05-07,NSDT,CCB-N,CCB-N,,R7657,ARHAAN,DREDGER,24-03-2026 17:40,2026-03-24T12:10:00Z,,,,True,False,Daily Status Report 07.05.2026.pdf
2026-05-07,NSDT,CCB-S,CCB-S,,,,,,,,,,False,False,Daily Status Report 07.05.2026.pdf
2026-05-07,NSDT,NSD-02,NSD-02,,S6202,ADVAITA,CEMENT,06-05-2026 21:30,2026-05-06T16:00:00Z,08-05-2026 21:30,2026-05-08T16:00:00Z,48.0000,True,True,Daily Status Report 07.05.2026.pdf
2026-05-07,NSDT,NSD-03,NSD-03,,S6213,PARTHSHARTHI,STEEL,07-05-2026 08:06,2026-05-07T02:36:00Z,07-05-2026 14:52,2026-05-07T09:22:00Z,6.7667,True,True,Daily Status Report 07.05.2026.pdf
2026-02-08,NSFT,CB-01,CB01,,,,,,,,,,False,False,Daily Status Report 08.02.2026.pdf
2026-02-08,NSFT,CB-02,CB02,,,,,,,,,,False,False,Daily Status Report 08.02.2026.pdf
2026-02-08,NSICT,CB-04,CB04,,R2869,STAR BLESSING,CONTAINER,08-02-2026 07:06,2026-02-08T01:36:00Z,08-02-2026 20:00,2026-02-08T14:30:00Z,12.9000,True,True,Daily Status Report 08.02.2026.pdf
2026-02-08,NSICT,CB-05,CB05,,R2791,MAERSK CUBANGO,CONTAINER,08-02-2026 06:06,2026-02-08T00:36:00Z,08-02-2026 21:00,2026-02-08T15:30:00Z,14.9000,True,True,Daily Status Report 08.02.2026.pdf
2026-02-08,NSIGT,CB-06,CB-06,,R2840,TIRUA,CONTAINER,07-02-2026 04:18,2026-02-06T22:48:00Z,08-02-2026 13:00,2026-02-08T07:30:00Z,32.7000,True,True,Daily Status Report 08.02.2026.pdf
2026-02-08,APMT,APMT-01,APMT-01,,R2888,YM MOBILITY,CONTAINER,08-02-2026 06:20,2026-02-08T00:50:00Z,09-02-2026 18:30,2026-02-09T13:00:00Z,36.1667,True,True,Daily Status Report 08.02.2026.pdf
2026-02-08,APMT,APMT-02,APMT-02,,R2857,WAN HAI 621,CONTAINER,07-02-2026 15:06,2026-02-07T09:36:00Z,09-02-2026 06:30,2026-02-09T01:00:00Z,39.4000,True,True,Daily Status Report 08.02.2026.pdf
2026-02-08,BMCT,BMCT-01,BMCT-01,,R2887,HALLEY,CONTAINER,07-02-2026 07:42,2026-02-07T02:12:00Z,08-02-2026 14:00,2026-02-08T08:30:00Z,30.3000,True,True,Daily Status Report 08.02.2026.pdf
2026-02-08,BMCT,BMCT-02,BMCT-02,,R2947,SSF LEO,CONTAINER,07-02-2026 20:12,2026-02-07T14:42:00Z,08-02-2026 12:30,2026-02-08T07:00:00Z,16.3000,True,True,Daily Status Report 08.02.2026.pdf
2026-02-08,BMCT,BMCT-03,BMCT-03,,,,,,,,,,False,False,Daily Status Report 08.02.2026.pdf
2026-02-08,BMCT,BMCT-04,BMCT-04,,R2958,MSC DANIT,CONTAINER,08-02-2026 01:55,2026-02-07T20:25:00Z,09-02-2026 04:00,2026-02-08T22:30:00Z,26.0833,True,True,Daily Status Report 08.02.2026.pdf
2026-02-08,BMCT,BMCT-05,BMCT-05,,,,,,,,,,False,False,Daily Status Report 08.02.2026.pdf
2026-02-08,BPCL,LB-01,LB-01,,R7386,ROSE GAS,LPG MIX,07-02-2026 16:12,2026-02-07T10:42:00Z,09-02-2026 08:00,2026-02-09T02:30:00Z,39.8000,True,True,Daily Status Report 08.02.2026.pdf
2026-02-08,BPCL,LB-02,LB-02,,R7409,DAWN MANSAROVAR,NFO,07-02-2026 17:54,2026-02-07T12:24:00Z,09-02-2026 06:00,2026-02-09T00:30:00Z,36.1000,True,True,Daily Status Report 08.02.2026.pdf
2026-02-08,JJLTPL,LB-03,LB-03,,,,,,,,,,False,False,Daily Status Report 08.02.2026.pdf
2026-02-08,JJLTPL,LB-04,LB-04,,,,,,,,,,False,False,Daily Status Report 08.02.2026.pdf
2026-02-08,NSDT,CCB-N,CCB-N,,,,,,,,,,False,False,Daily Status Report 08.02.2026.pdf
2026-02-08,NSDT,CCB-S,CCB-S,,R7390,ADVAITA,CEMENT,07-02-2026 14:42,2026-02-07T09:12:00Z,10-02-2026 04:14,2026-02-09T22:44:00Z,61.5333,True,True,Daily Status Report 08.02.2026.pdf
2026-02-08,NSDT,NSD-02,NSD-02,,,,,,,,,,False,False,Daily Status Report 08.02.2026.pdf
2026-02-08,NSDT,NSD-03,NSD-03,,R7426,DM CONDOR,CHEMICALS,08-02-2026 03:36,2026-02-07T22:06:00Z,08-02-2026 21:30,2026-02-08T16:00:00Z,17.9000,True,True,Daily Status Report 08.02.2026.pdf
2026-05-08,NSFT,CB-01,CB01,,,,,,,,,,False,False,Daily Status Report 08.05.2026.pdf
2026-05-08,NSFT,CB-02,CB02,,S0289,GIALOVA,CONTAINER,07-05-2026 23:18,2026-05-07T17:48:00Z,08-05-2026 14:00,2026-05-08T08:30:00Z,14.7000,True,True,Daily Status Report 08.05.2026.pdf
2026-05-08,NSICT,CB-04,CB04,,S0360,MERTAUS GOWA,CONTAINER,08-05-2026 03:12,2026-05-07T21:42:00Z,08-05-2026 15:00,2026-05-08T09:30:00Z,11.8000,True,True,Daily Status Report 08.05.2026.pdf
2026-05-08,NSICT,CB-05,CB05,,S0241,NZ NINGBO,CONTAINER,08-05-2026 07:05,2026-05-08T01:35:00Z,08-05-2026 21:00,2026-05-08T15:30:00Z,13.9167,True,True,Daily Status Report 08.05.2026.pdf
2026-05-08,NSIGT,CB-06,CB-06,,S0376,TEMA EXPRESS,CONTAINER,08-05-2026 02:42,2026-05-07T21:12:00Z,08-05-2026 15:00,2026-05-08T09:30:00Z,12.3000,True,True,Daily Status Report 08.05.2026.pdf
2026-05-08,APMT,APMT-01,APMT-01,,S0225,AL RIFFA,CONTAINER,08-05-2026 00:48,2026-05-07T19:18:00Z,09-05-2026 12:00,2026-05-09T06:30:00Z,35.2000,True,True,Daily Status Report 08.05.2026.pdf
2026-05-08,APMT,APMT-02,APMT-02,,S0252,BAI CHAY BRIDGE,CONTAINER,08-05-2026 01:54,2026-05-07T20:24:00Z,08-05-2026 22:00,2026-05-08T16:30:00Z,20.1000,True,True,Daily Status Report 08.05.2026.pdf
2026-05-08,BMCT,BMCT-01,BMCT-01,,S0218,BARYON,CONTAINER,07-05-2026 04:48,2026-05-06T23:18:00Z,08-05-2026 01:00,2026-05-07T19:30:00Z,20.2000,True,True,Daily Status Report 08.05.2026.pdf
2026-05-08,BMCT,BMCT-01,BMCT-01,,S0165,LEPTON,CONTAINER,07-05-2026 15:42,2026-05-07T10:12:00Z,08-05-2026 07:00,2026-05-08T01:30:00Z,15.3000,True,True,Daily Status Report 08.05.2026.pdf
2026-05-08,BMCT,BMCT-02,BMCT-02,,S0205,TS MUMBAI,CONTAINER,07-05-2026 19:12,2026-05-07T13:42:00Z,09-05-2026 08:00,2026-05-09T02:30:00Z,36.8000,True,True,Daily Status Report 08.05.2026.pdf
2026-05-08,BMCT,BMCT-03,BMCT-03,,S0313,PAYA LEBAR,CONTAINER,07-05-2026 02:12,2026-05-06T20:42:00Z,08-05-2026 17:00,2026-05-08T11:30:00Z,38.8000,True,True,Daily Status Report 08.05.2026.pdf
2026-05-08,BMCT,BMCT-04,BMCT-04,,S0174,FOLK JEDDAH,CONTAINER,08-05-2026 04:00,2026-05-07T22:30:00Z,09-05-2026 15:00,2026-05-09T09:30:00Z,35.0000,True,True,Daily Status Report 08.05.2026.pdf
2026-05-08,BMCT,BMCT-05,BMCT-05,,S0405,MSC TORONTO,CONTAINER,08-05-2026 04:45,2026-05-07T23:15:00Z,09-05-2026 04:00,2026-05-08T22:30:00Z,23.2500,True,True,Daily Status Report 08.05.2026.pdf
2026-05-08,BMCT,BMCT-06,BMCT-06,,,,,,,,,,False,False,Daily Status Report 08.05.2026.pdf
2026-05-08,BPCL,LB-01,LB-01,,S6233,HARI PRIYA,HSD,07-05-2026 20:18,2026-05-07T14:48:00Z,09-05-2026 15:00,2026-05-09T09:30:00Z,42.7000,True,True,Daily Status Report 08.05.2026.pdf
2026-05-08,BPCL,LB-02,LB-02,,,,,,,,,,False,False,Daily Status Report 08.05.2026.pdf
2026-05-08,JJLTPL,LB-03,LB-03,,S6243,DS ROSA,SM/IPA/ACETONE,06-05-2026 22:05,2026-05-06T16:35:00Z,08-05-2026 10:55,2026-05-08T05:25:00Z,36.8333,True,True,Daily Status Report 08.05.2026.pdf
2026-05-08,JJLTPL,LB-04,LB-04,,,,,,,,,,False,False,Daily Status Report 08.05.2026.pdf
2026-05-08,NSDT,CCB-N,CCB-N,,R7657,ARHAAN,DREDGER,24-03-2026 17:40,2026-03-24T12:10:00Z,,,,True,False,Daily Status Report 08.05.2026.pdf
2026-05-08,NSDT,CCB-S,CCB-S,,,,,,,,,,False,False,Daily Status Report 08.05.2026.pdf
2026-05-08,NSDT,NSD-02,NSD-02,,S6202,ADVAITA,CEMENT,06-05-2026 21:30,2026-05-06T16:00:00Z,09-05-2026 08:47,2026-05-09T03:17:00Z,59.2833,True,True,Daily Status Report 08.05.2026.pdf
2026-05-08,NSDT,NSD-03,NSD-03,,,,,,,,,,False,False,Daily Status Report 08.05.2026.pdf
2026-02-09,NSFT,CB-01,CB01,,R2986,APL QINGDAO,CONTAINER,09-02-2026 05:48,2026-02-09T00:18:00Z,10-02-2026 08:00,2026-02-10T02:30:00Z,26.2000,True,True,Daily Status Report 09.02.2026.pdf
2026-02-09,NSFT,CB-02,CB02,,R2858,ACASTOS,CONTAINER,08-02-2026 18:18,2026-02-08T12:48:00Z,09-02-2026 12:30,2026-02-09T07:00:00Z,18.2000,True,True,Daily Status Report 09.02.2026.pdf
2026-02-09,NSICT,CB-04,CB04,,R2948,X PRESS KARAKORAM,CONTAINER,08-02-2026 23:36,2026-02-08T18:06:00Z,09-02-2026 16:00,2026-02-09T10:30:00Z,16.4000,True,True,Daily Status Report 09.02.2026.pdf
2026-02-09,NSICT,CB-05,CB05,,R2797,MAERSK CAPE TOWN,CONTAINER,08-02-2026 23:00,2026-02-08T17:30:00Z,09-02-2026 19:00,2026-02-09T13:30:00Z,20.0000,True,True,Daily Status Report 09.02.2026.pdf
2026-02-09,NSIGT,CB-06,CB-06,,R2897,WAN HAI 625,CONTAINER,08-02-2026 17:42,2026-02-08T12:12:00Z,09-02-2026 19:00,2026-02-09T13:30:00Z,25.3000,True,True,Daily Status Report 09.02.2026.pdf
2026-02-09,APMT,APMT-01,APMT-01,,R2888,YM MOBILITY,CONTAINER,08-02-2026 06:30,2026-02-08T01:00:00Z,09-02-2026 23:30,2026-02-09T18:00:00Z,41.0000,True,True,Daily Status Report 09.02.2026.pdf
2026-02-09,APMT,APMT-02,APMT-02,,R2864,XPRESS CASSIOPEIA,CONTAINER,09-02-2026 06:12,2026-02-09T00:42:00Z,09-02-2026 23:59,2026-02-09T18:29:00Z,17.7833,True,True,Daily Status Report 09.02.2026.pdf
2026-02-09,BMCT,BMCT-01,BMCT01,,,,,,,,,,False,False,Daily Status Report 09.02.2026.pdf
2026-02-09,BMCT,BMCT-02,BMCT02,,R2828,XIN LONG YUN 86,CONTAINER,08-02-2026 15:06,2026-02-08T09:36:00Z,09-02-2026 09:30,2026-02-09T04:00:00Z,18.4000,True,True,Daily Status Report 09.02.2026.pdf
2026-02-09,BMCT,BMCT-03,BMCT03,,R2950,MSC LILY,CONTAINER,08-02-2026 15:50,2026-02-08T10:20:00Z,09-02-2026 18:00,2026-02-09T12:30:00Z,26.1667,True,True,Daily Status Report 09.02.2026.pdf
2026-02-09,BMCT,BMCT-04,BMCT04,,,,,,,,,,False,False,Daily Status Report 09.02.2026.pdf
2026-02-09,BMCT,BMCT-05,BMCT05,,,,,,,,,,False,False,Daily Status Report 09.02.2026.pdf
2026-02-09,BPCL,LB-01,LB-01,,R7386,ROSE GAS,LPG MIX,07-02-2026 16:12,2026-02-07T10:42:00Z,09-02-2026 08:00,2026-02-09T02:30:00Z,39.8000,True,True,Daily Status Report 09.02.2026.pdf
2026-02-09,BPCL,LB-02,LB-02,,,,,,,,,,False,False,Daily Status Report 09.02.2026.pdf
2026-02-09,JJLTPL,LB-03,LB-03,,R7422,CAPE TEMPEST,CBFS,08-02-2026 15:00,2026-02-08T09:30:00Z,09-02-2026 18:53,2026-02-09T13:23:00Z,27.8833,True,True,Daily Status Report 09.02.2026.pdf
2026-02-09,JJLTPL,LB-04,LB-04,,R7410,SC MERCURY,BASE OIL,08-02-2026 14:45,2026-02-08T09:15:00Z,10-02-2026 00:36,2026-02-09T19:06:00Z,33.8500,True,True,Daily Status Report 09.02.2026.pdf
2026-02-09,NSDT,CCB-N,CCB-N,,,,,,,,,,False,False,Daily Status Report 09.02.2026.pdf
2026-02-09,NSDT,CCB-S,CCB-S,,R7390,ADVAITA,CEMENT,07-02-2026 14:42,2026-02-07T09:12:00Z,09-02-2026 18:10,2026-02-09T12:40:00Z,51.4667,True,True,Daily Status Report 09.02.2026.pdf
2026-02-09,NSDT,NSD-02,NSD-02,,,,,,,,,,False,False,Daily Status Report 09.02.2026.pdf
2026-02-09,NSDT,NSD-03,NSD-03,,R7426,DM CONDOR,TOL+DEA+TEA,08-02-2026 03:36,2026-02-07T22:06:00Z,09-02-2026 03:25,2026-02-08T21:55:00Z,23.8167,True,True,Daily Status Report 09.02.2026.pdf
2026-05-09,NSFT,CB-01,CB01,,S0180,CMA CGM PELLEAS,CONTAINER,08-05-2026 17:42,2026-05-08T12:12:00Z,09-05-2026 18:00,2026-05-09T12:30:00Z,24.3000,True,True,Daily Status Report 09.05.2026.pdf
2026-05-09,NSFT,CB-02,CB02,,,,,,,,,,False,False,Daily Status Report 09.05.2026.pdf
2026-05-09,NSICT,CB-04,CB04,,S0283,HONG DA XIN 768,CONTAINER,08-05-2026 14:12,2026-05-08T08:42:00Z,09-05-2026 12:00,2026-05-09T06:30:00Z,21.8000,True,True,Daily Status Report 09.05.2026.pdf
2026-05-09,NSICT,CB-05,CB05,,,,,,,,,,False,False,Daily Status Report 09.05.2026.pdf
2026-05-09,NSIGT,CB-06,CB-06,,S0319,MSC SINDY,CONTAINER,08-05-2026 18:30,2026-05-08T13:00:00Z,09-05-2026 18:00,2026-05-09T12:30:00Z,23.5000,True,True,Daily Status Report 09.05.2026.pdf
2026-05-09,APMT,APMT-01,APMT-01,,S0225,AL RIFFA,CONTAINER,08-05-2026 00:48,2026-05-07T19:18:00Z,09-05-2026 12:30,2026-05-09T07:00:00Z,35.7000,True,True,Daily Status Report 09.05.2026.pdf
2026-05-09,APMT,APMT-02,APMT-02,,S0248,WAN HAI 621,CONTAINER,09-05-2026 05:30,2026-05-09T00:00:00Z,10-05-2026 12:30,2026-05-10T07:00:00Z,31.0000,True,True,Daily Status Report 09.05.2026.pdf
2026-05-09,BMCT,BMCT-01,BMCT-01,,S0229,JOLLY ORO,CONTAINER,08-05-2026 12:48,2026-05-08T07:18:00Z,09-05-2026 10:00,2026-05-09T04:30:00Z,21.2000,True,True,Daily Status Report 09.05.2026.pdf
2026-05-09,BMCT,BMCT-02,BMCT-02,,S0205,TS MUMBAI,CONTAINER,07-05-2026 19:12,2026-05-07T13:42:00Z,09-05-2026 09:00,2026-05-09T03:30:00Z,37.8000,True,True,Daily Status Report 09.05.2026.pdf
2026-05-09,BMCT,BMCT-03,BMCT-03,,S0313,PAYA LEBAR,CONTAINER,07-05-2026 02:12,2026-05-06T20:42:00Z,09-05-2026 12:15,2026-05-09T06:45:00Z,58.0500,True,True,Daily Status Report 09.05.2026.pdf
2026-05-09,BMCT,BMCT-04,BMCT-04,,S0174,FOLK JEDDAH,CONTAINER,08-05-2026 04:00,2026-05-07T22:30:00Z,09-05-2026 12:00,2026-05-09T06:30:00Z,32.0000,True,True,Daily Status Report 09.05.2026.pdf
2026-05-09,BMCT,BMCT-05,BMCT-05,,S0405,MSC TORONTO,CONTAINER,08-05-2026 04:45,2026-05-07T23:15:00Z,09-05-2026 12:00,2026-05-09T06:30:00Z,31.2500,True,True,Daily Status Report 09.05.2026.pdf
2026-05-09,BMCT,BMCT-06,BMCT-06,,,,,,,,,,False,False,Daily Status Report 09.05.2026.pdf
2026-05-09,BPCL,LB-01,LB-01,,S6233,HARI PRIYA,HSD,07-05-2026 20:18,2026-05-07T14:48:00Z,09-05-2026 19:00,2026-05-09T13:30:00Z,46.7000,True,True,Daily Status Report 09.05.2026.pdf
2026-05-09,BPCL,LB-02,LB-02,,S6209,STOLT MAGNESIUM,PHOSPHORIC ACID,08-05-2026 15:54,2026-05-08T10:24:00Z,09-05-2026 20:00,2026-05-09T14:30:00Z,28.1000,True,True,Daily Status Report 09.05.2026.pdf
2026-05-09,JJLTPL,LB-03,LB-03,,S6241,SC VIRGO,BASE OIL,08-05-2026 19:30,2026-05-08T14:00:00Z,10-05-2026 04:03,2026-05-09T22:33:00Z,32.5500,True,True,Daily Status Report 09.05.2026.pdf
2026-05-09,JJLTPL,LB-04,LB-04,,S6230,NO 2 HEUNG A PIONEER,NITRIC ACID,09-05-2026 00:30,2026-05-08T19:00:00Z,10-05-2026 06:12,2026-05-10T00:42:00Z,29.7000,True,True,Daily Status Report 09.05.2026.pdf
2026-05-09,NSDT,CCB-N,CCB-N,,R7657,ARHAAN,DREDGER,24-03-2026 17:40,2026-03-24T12:10:00Z,,,,True,False,Daily Status Report 09.05.2026.pdf
2026-05-09,NSDT,CCB-S,CCB-S,,,,,,,,,,False,False,Daily Status Report 09.05.2026.pdf
2026-05-09,NSDT,NSD-02,NSD-02,,S6202,ADVAITA,CEMENT,06-05-2026 21:30,2026-05-06T16:00:00Z,09-05-2026 16:12,2026-05-09T10:42:00Z,66.7000,True,True,Daily Status Report 09.05.2026.pdf
2026-05-09,NSDT,NSD-03,NSD-03,,S0257,WILMOT,CONTAINER,08-05-2026 17:18,2026-05-08T11:48:00Z,09-05-2026 07:00,2026-05-09T01:30:00Z,13.7000,True,True,Daily Status Report 09.05.2026.pdf
2026-02-10,NSFT,CB-01,CB01,,R3004,SPIRIT OF BERTRAM,CONTAINER,10-02-2026 06:24,2026-02-10T00:54:00Z,10-02-2026 14:00,2026-02-10T08:30:00Z,7.6000,True,True,Daily Status Report 10.02.2026.pdf
2026-02-10,NSFT,CB-02,CB02,,R2944,GSL CHLOE,CONTAINER,09-02-2026 16:18,2026-02-09T10:48:00Z,10-02-2026 10:00,2026-02-10T04:30:00Z,17.7000,True,True,Daily Status Report 10.02.2026.pdf
2026-02-10,NSICT,CB-04,CB04,,,,,,,,,,False,False,Daily Status Report 10.02.2026.pdf
2026-02-10,NSICT,CB-05,CB05,,R2946,XPRESS KABRU,CONTAINER,09-02-2026 23:00,2026-02-09T17:30:00Z,10-02-2026 11:00,2026-02-10T05:30:00Z,12.0000,True,True,Daily Status Report 10.02.2026.pdf
2026-02-10,NSIGT,CB-06,CB-06,,R2918,INTERASIA ENHANCE,CONTAINER,09-02-2026 21:00,2026-02-09T15:30:00Z,10-02-2026 23:00,2026-02-10T17:30:00Z,26.0000,True,True,Daily Status Report 10.02.2026.pdf
2026-02-10,APMT,APMT-01,APMT-01,,R2805,STRATFORD,CONTAINER,10-02-2026 00:18,2026-02-09T18:48:00Z,11-02-2026 11:00,2026-02-11T05:30:00Z,34.7000,True,True,Daily Status Report 10.02.2026.pdf
2026-02-10,APMT,APMT-02,APMT-02,,R2991,EVERLASTING GRACE,CONTAINER,10-02-2026 02:42,2026-02-09T21:12:00Z,10-02-2026 23:59,2026-02-10T18:29:00Z,21.2833,True,True,Daily Status Report 10.02.2026.pdf
2026-02-10,BMCT,BMCT-01,BMCT01,,R2941,XIN CHANG SHU,CONTAINER,09-02-2026 15:42,2026-02-09T10:12:00Z,10-02-2026 18:00,2026-02-10T12:30:00Z,26.3000,True,True,Daily Status Report 10.02.2026.pdf
2026-02-10,BMCT,BMCT-02,BMCT02,,,,,,,,,,False,False,Daily Status Report 10.02.2026.pdf
2026-02-10,BMCT,BMCT-03,BMCT03,,,,,,,,,,False,False,Daily Status Report 10.02.2026.pdf
2026-02-10,BMCT,BMCT-04,BMCT04,,,,,,,,,,False,False,Daily Status Report 10.02.2026.pdf
2026-02-10,BMCT,BMCT-05,BMCT05,,,,,,,,,,False,False,Daily Status Report 10.02.2026.pdf
2026-02-10,BPCL,LB-01,LB-01,,R7424,HARI ANAND,"ATF,HSD",09-02-2026 17:06,2026-02-09T11:36:00Z,11-02-2026 10:00,2026-02-11T04:30:00Z,40.9000,True,True,Daily Status Report 10.02.2026.pdf
2026-02-10,BPCL,LB-02,LB-02,,R7408,TRITON EXPLORE,AMMONIA,09-02-2026 11:18,2026-02-09T05:48:00Z,10-02-2026 14:00,2026-02-10T08:30:00Z,26.7000,True,True,Daily Status Report 10.02.2026.pdf
2026-02-10,JJLTPL,LB-03,LB-03,,,,,,,,,,False,False,Daily Status Report 10.02.2026.pdf
2026-02-10,JJLTPL,LB-04,LB-04,,,,,,,,,,False,False,Daily Status Report 10.02.2026.pdf
2026-02-10,NSDT,CCB-N,CCB-N,,,,,,,,,,False,False,Daily Status Report 10.02.2026.pdf
2026-02-10,NSDT,CCB-S,CCB-S,,,,,,,,,,False,False,Daily Status Report 10.02.2026.pdf
2026-02-10,NSDT,NSD-02,NSD-02,,,,,,,,,,False,False,Daily Status Report 10.02.2026.pdf
2026-02-10,NSDT,NSD-03,NSD-03,,,,,,,,,,False,False,Daily Status Report 10.02.2026.pdf
2026-05-10,NSFT,CB-01,CB01,,S0356,CMA CGM NILE,PORT QASIM,09-05-2026 23:42,2026-05-09T18:12:00Z,10-05-2026 20:00,2026-05-10T14:30:00Z,20.3000,True,True,Daily Status Report 10.05.2026.pdf
2026-05-10,NSFT,CB-02,CB02,,,,,,,,,,False,False,Daily Status Report 10.05.2026.pdf
2026-05-10,NSICT,CB-04,CB04,,,,,,,,,,False,False,Daily Status Report 10.05.2026.pdf
2026-05-10,NSICT,CB-05,CB05,,S0305,MSC YORK VII,CONTAINER,09-05-2026 14:18,2026-05-09T08:48:00Z,10-05-2026 02:00,2026-05-09T20:30:00Z,11.7000,True,True,Daily Status Report 10.05.2026.pdf
2026-05-10,NSIGT,CB-06,CB-06,,S0224,SEATTLE EXPRESS,CONTAINER,09-05-2026 22:50,2026-05-09T17:20:00Z,10-05-2026 18:00,2026-05-10T12:30:00Z,19.1667,True,True,Daily Status Report 10.05.2026.pdf
2026-05-10,APMT,APMT-01,APMT-01,,S0226,XPRESS CARINA,CONTAINER,09-05-2026 16:18,2026-05-09T10:48:00Z,10-05-2026 11:00,2026-05-10T05:30:00Z,18.7000,True,True,Daily Status Report 10.05.2026.pdf
2026-05-10,APMT,APMT-02,APMT-02,,S0248,WAN HAI 621,CONTAINER,09-05-2026 05:30,2026-05-09T00:00:00Z,10-05-2026 10:30,2026-05-10T05:00:00Z,29.0000,True,True,Daily Status Report 10.05.2026.pdf
2026-05-10,BMCT,BMCT-01,BMCT-01,,S0281,ONE RECOMMENDATION,CONTAINER,09-05-2026 17:12,2026-05-09T11:42:00Z,10-05-2026 22:00,2026-05-10T16:30:00Z,28.8000,True,True,Daily Status Report 10.05.2026.pdf
2026-05-10,BMCT,BMCT-02,BMCT-02,,S0357,OOCL MALAYSIA,CONTAINER,09-05-2026 16:18,2026-05-09T10:48:00Z,13-05-2026 10:00,2026-05-13T04:30:00Z,89.7000,True,True,Daily Status Report 10.05.2026.pdf
2026-05-10,BMCT,BMCT-03,BMCT-03,,S0214,HIRANYA BHUM,CONTAINER,09-05-2026 17:00,2026-05-09T11:30:00Z,11-05-2026 06:00,2026-05-11T00:30:00Z,37.0000,True,True,Daily Status Report 10.05.2026.pdf
2026-05-10,BMCT,BMCT-04,BMCT-04,,S0122,SSF VALENCE,CONTAINER,09-05-2026 20:06,2026-05-09T14:36:00Z,11-05-2026 05:00,2026-05-10T23:30:00Z,32.9000,True,True,Daily Status Report 10.05.2026.pdf
2026-05-10,BMCT,BMCT-05,BMCT-05,,S0378,MSC MARIA LESLIE,CONTAINER,09-05-2026 19:30,2026-05-09T14:00:00Z,11-05-2026 05:00,2026-05-10T23:30:00Z,33.5000,True,True,Daily Status Report 10.05.2026.pdf
2026-05-10,BMCT,BMCT-06,BMCT-06,,,,,,,,,,False,False,Daily Status Report 10.05.2026.pdf
2026-05-10,BPCL,LB-01,LB-01,,S6242,CNC BULL,ACETONE,10-05-2026 00:55,2026-05-09T19:25:00Z,10-05-2026 07:40,2026-05-10T02:10:00Z,6.7500,True,True,Daily Status Report 10.05.2026.pdf
2026-05-10,BPCL,LB-02,LB-02,,,,,,,,,,False,False,Daily Status Report 10.05.2026.pdf
2026-05-10,JJLTPL,LB-03,LB-03,,S6241,SC VIRGO,BASE OIL,08-05-2026 19:30,2026-05-08T14:00:00Z,10-05-2026 10:30,2026-05-10T05:00:00Z,39.0000,True,True,Daily Status Report 10.05.2026.pdf
2026-05-10,JJLTPL,LB-04,LB-04,,S6230,NO 2 HEUNG A PIONEER,NITRIC ACID,09-05-2026 00:30,2026-05-08T19:00:00Z,10-05-2026 06:30,2026-05-10T01:00:00Z,30.0000,True,True,Daily Status Report 10.05.2026.pdf
2026-05-10,NSDT,CCB-N,CCB-N,,R7657,ARHAAN,DREDGER,24-03-2026 17:40,2026-03-24T12:10:00Z,,,,True,False,Daily Status Report 10.05.2026.pdf
2026-05-10,NSDT,CCB-S,CCB-S,,,,,,,,,,False,False,Daily Status Report 10.05.2026.pdf
2026-05-10,NSDT,NSD-02,NSD-02,,S6259,BHOLENATH,STEEL COIL,10-05-2026 04:36,2026-05-09T23:06:00Z,10-05-2026 10:36,2026-05-10T05:06:00Z,6.0000,True,True,Daily Status Report 10.05.2026.pdf
2026-05-10,NSDT,NSD-03,NSD-03,,S6067,BBC ONYX,PROJECT CARGO,10-05-2026 07:15,2026-05-10T01:45:00Z,13-05-2026 08:15,2026-05-13T02:45:00Z,73.0000,True,True,Daily Status Report 10.05.2026.pdf
2026-02-11,NSFT,CB-01,CB01,,,,,,,,,,False,False,Daily Status Report 11.02.2026.pdf
2026-02-11,NSFT,CB-02,CB02,,,,,,,,,,False,False,Daily Status Report 11.02.2026.pdf
2026-02-11,NSICT,CB-04,CB04,,R2893,FOLK JAZAN,CONTAINER,11-02-2026 06:00,2026-02-11T00:30:00Z,11-02-2026 22:00,2026-02-11T16:30:00Z,16.0000,True,True,Daily Status Report 11.02.2026.pdf
2026-02-11,NSICT,CB-05,CB05,,R2924,MAERSK BOSTON,CONTAINER,11-02-2026 08:00,2026-02-11T02:30:00Z,11-02-2026 23:00,2026-02-11T17:30:00Z,15.0000,True,True,Daily Status Report 11.02.2026.pdf
2026-02-11,NSIGT,CB-06,CB-06,,R2876,GRACE BRIDGE,CONTAINER,11-02-2026 04:48,2026-02-10T23:18:00Z,12-02-2026 01:30,2026-02-11T20:00:00Z,20.7000,True,True,Daily Status Report 11.02.2026.pdf
2026-02-11,APMT,APMT-01,APMT-01,,R2805,STRATFORD,CONTAINER,10-02-2026 00:18,2026-02-09T18:48:00Z,11-02-2026 13:00,2026-02-11T07:30:00Z,36.7000,True,True,Daily Status Report 11.02.2026.pdf
2026-02-11,APMT,APMT-02,APMT-02,,R2895,EVER USEFUL,CONTAINER,11-02-2026 06:12,2026-02-11T00:42:00Z,12-02-2026 17:00,2026-02-12T11:30:00Z,34.8000,True,True,Daily Status Report 11.02.2026.pdf
2026-02-11,BMCT,BMCT-01,BMCT01,,R2998,ERASMUS JUSTICE,CONTAINER,10-02-2026 19:18,2026-02-10T13:48:00Z,11-02-2026 20:00,2026-02-11T14:30:00Z,24.7000,True,True,Daily Status Report 11.02.2026.pdf
2026-02-11,BMCT,BMCT-02,BMCT02,,R2865,SEPELU,CONTAINER,10-02-2026 19:54,2026-02-10T14:24:00Z,11-02-2026 19:00,2026-02-11T13:30:00Z,23.1000,True,True,Daily Status Report 11.02.2026.pdf
2026-02-11,BMCT,BMCT-03,BMCT03,,,,,,,,,,False,False,Daily Status Report 11.02.2026.pdf
2026-02-11,BMCT,BMCT-04,BMCT04,,,,,,,,,,False,False,Daily Status Report 11.02.2026.pdf
2026-02-11,BMCT,BMCT-05,BMCT05,,,,,,,,,,False,False,Daily Status Report 11.02.2026.pdf
2026-02-11,BPCL,LB-01,LB-01,,,,,,,,,,False,False,Daily Status Report 11.02.2026.pdf
2026-02-11,BPCL,LB-02,LB-02,,R7424,HARI ANAND,ATF+HF HSD+HSD,10-02-2026 19:36,2026-02-10T14:06:00Z,11-02-2026 18:00,2026-02-11T12:30:00Z,22.4000,True,True,Daily Status Report 11.02.2026.pdf
2026-02-11,JJLTPL,LB-03,LB-03,,,,,,,,,,False,False,Daily Status Report 11.02.2026.pdf
2026-02-11,JJLTPL,LB-04,LB-04,,,,,,,,,,False,False,Daily Status Report 11.02.2026.pdf
2026-02-11,NSDT,CCB-N,CCB-N,,,,,,,,,,False,False,Daily Status Report 11.02.2026.pdf
2026-02-11,NSDT,CCB-S,CCB-S,,R7431,BOONYA NAREE,CEMENT,11-02-2026 01:00,2026-02-10T19:30:00Z,13-02-2026 09:42,2026-02-13T04:12:00Z,56.7000,True,True,Daily Status Report 11.02.2026.pdf
2026-02-11,NSDT,NSD-02,NSD-02,,,,,,,,,,False,False,Daily Status Report 11.02.2026.pdf
2026-02-11,NSDT,NSD-03,NSD-03,,R7441,EVA BERGEN,MEK+SM+A.ACID,10-02-2026 17:00,2026-02-10T11:30:00Z,11-02-2026 17:14,2026-02-11T11:44:00Z,24.2333,True,True,Daily Status Report 11.02.2026.pdf
2026-05-11,NSFT,CB-01,CB01,,S0331,ZHONG GU NAN JING,CONTAINER,10-05-2026 22:18,2026-05-10T16:48:00Z,11-05-2026 15:30,2026-05-11T10:00:00Z,17.2000,True,True,Daily Status Report 11.05.2026.pdf
2026-05-11,NSFT,CB-02,CB02,,,,,,,,,,False,False,Daily Status Report 11.05.2026.pdf
2026-05-11,NSICT,CB-04,CB04,,S0259,CMA CGM PUERTO ANTIOQUIA,CONTAINER,10-05-2026 10:24,2026-05-10T04:54:00Z,11-05-2026 17:00,2026-05-11T11:30:00Z,30.6000,True,True,Daily Status Report 11.05.2026.pdf
2026-05-11,NSICT,CB-05,CB05,,S0188,MAERSK CHICAGO,CONTAINER,10-05-2026 12:15,2026-05-10T06:45:00Z,11-05-2026 22:00,2026-05-11T16:30:00Z,33.7500,True,True,Daily Status Report 11.05.2026.pdf
2026-05-11,NSIGT,CB-06,CB-06,,S0350,WAN HAI 377,CONTAINER,11-05-2026 03:06,2026-05-10T21:36:00Z,11-05-2026 23:59,2026-05-11T18:29:00Z,20.8833,True,True,Daily Status Report 11.05.2026.pdf
2026-05-11,APMT,APMT-01,APMT-01,,S0186,ALBERT MAERSK,CONTAINER,11-05-2026 03:12,2026-05-10T21:42:00Z,11-05-2026 15:30,2026-05-11T10:00:00Z,12.3000,True,True,Daily Status Report 11.05.2026.pdf
2026-05-11,APMT,APMT-02,APMT-02,,S0288,ESL SANA,CONTAINER,11-05-2026 03:54,2026-05-10T22:24:00Z,11-05-2026 20:00,2026-05-11T14:30:00Z,16.1000,True,True,Daily Status Report 11.05.2026.pdf
2026-05-11,BMCT,BMCT-01,BMCT01,,S0296,BHUDTHI BHUM,CONTAINER,11-05-2026 07:36,2026-05-11T02:06:00Z,12-05-2026 03:00,2026-05-11T21:30:00Z,19.4000,True,True,Daily Status Report 11.05.2026.pdf
2026-05-11,BMCT,BMCT-02,BMCT02,,S0357,OOCL MALAYSIA,CONTAINER,09-05-2026 16:18,2026-05-09T10:48:00Z,13-05-2026 10:00,2026-05-13T04:30:00Z,89.7000,True,True,Daily Status Report 11.05.2026.pdf
2026-05-11,BMCT,BMCT-03,BMCT03,,,,,,,,,,False,False,Daily Status Report 11.05.2026.pdf
2026-05-11,BMCT,BMCT-04,BMCT04,,S0122,SSF VALENCE,CONTAINER,09-05-2026 20:06,2026-05-09T14:36:00Z,11-05-2026 09:00,2026-05-11T03:30:00Z,36.9000,True,True,Daily Status Report 11.05.2026.pdf
2026-05-11,BMCT,BMCT-05,BMCT05,,S0378,MSC MARIA LESLIE,CONTAINER,09-05-2026 19:30,2026-05-09T14:00:00Z,11-05-2026 13:00,2026-05-11T07:30:00Z,41.5000,True,True,Daily Status Report 11.05.2026.pdf
2026-05-11,BMCT,BMCT-06,BMCT06,,,,,,,,,,False,False,Daily Status Report 11.05.2026.pdf
2026-05-11,BPCL,LB-01,LB-01,,S6231,SPICA,EDIBLE OIL,10-05-2026 12:54,2026-05-10T07:24:00Z,11-05-2026 20:00,2026-05-11T14:30:00Z,31.1000,True,True,Daily Status Report 11.05.2026.pdf
2026-05-11,BPCL,LB-02,LB-02,,S6247,CYPRESS GALAXY,TOLUENE+IPA+PHENOL+N. PARAFIN,10-05-2026 14:00,2026-05-10T08:30:00Z,12-05-2026 01:00,2026-05-11T19:30:00Z,35.0000,True,True,Daily Status Report 11.05.2026.pdf
2026-05-11,JJLTPL,LB-03,LB-03,,,,,,,,,,False,False,Daily Status Report 11.05.2026.pdf
2026-05-11,JJLTPL,LB-04,LB-04,,,,,,,,,,False,False,Daily Status Report 11.05.2026.pdf
2026-05-11,NSDT,CCB-N,CCB-N,,R7657,ARHAAN,DREDGER,24-03-2026 17:40,2026-03-24T12:10:00Z,,,,True,False,Daily Status Report 11.05.2026.pdf
2026-05-11,NSDT,CCB-S,CCB-S,,,,,,,,,,False,False,Daily Status Report 11.05.2026.pdf
2026-05-11,NSDT,NSD-02,NSD-02,,S6260,COASTAL AMIGO,STEEL COIL,11-05-2026 04:00,2026-05-10T22:30:00Z,11-05-2026 10:00,2026-05-11T04:30:00Z,6.0000,True,True,Daily Status Report 11.05.2026.pdf
2026-05-11,NSDT,NSD-03,NSD-03,,S6067,BBC ONYX,PROJECT CARGO,10-05-2026 07:15,2026-05-10T01:45:00Z,13-05-2026 08:15,2026-05-13T02:45:00Z,73.0000,True,True,Daily Status Report 11.05.2026.pdf
2026-02-12,NSFT,CB-01,CB01,,R2996,CMA CGM SEMARANG,CONTAINER,12-02-2026 02:36,2026-02-11T21:06:00Z,12-02-2026 19:00,2026-02-12T13:30:00Z,16.4000,True,True,Daily Status Report 12.02.2026.pdf
2026-02-12,NSFT,CB-02,CB02,,,,,,,,,,False,False,Daily Status Report 12.02.2026.pdf
2026-02-12,NSICT,CB-04,CB04,,R2906,EVER BRACE,CONTAINER,12-02-2026 06:18,2026-02-12T00:48:00Z,12-02-2026 18:00,2026-02-12T12:30:00Z,11.7000,True,True,Daily Status Report 12.02.2026.pdf
2026-02-12,NSICT,CB-05,CB05,,R2923,CLEMENTINE MAERSK,CONTAINER,12-02-2026 03:15,2026-02-11T21:45:00Z,12-02-2026 20:32,2026-02-12T15:02:00Z,17.2833,True,True,Daily Status Report 12.02.2026.pdf
2026-02-12,NSIGT,CB-06,CB-06,,R2896,WAN HAI 377,CONTAINER,12-02-2026 02:30,2026-02-11T21:00:00Z,12-02-2026 20:30,2026-02-12T15:00:00Z,18.0000,True,True,Daily Status Report 12.02.2026.pdf
2026-02-12,APMT,APMT-01,APMT-01,,R2880,ATLANTA EXPRESS,CONTAINER,11-02-2026 17:12,2026-02-11T11:42:00Z,13-02-2026 08:00,2026-02-13T02:30:00Z,38.8000,True,True,Daily Status Report 12.02.2026.pdf
2026-02-12,APMT,APMT-02,APMT-02,,R2895,EVER USEFUL,CONTAINER,11-02-2026 06:12,2026-02-11T00:42:00Z,12-02-2026 19:00,2026-02-12T13:30:00Z,36.8000,True,True,Daily Status Report 12.02.2026.pdf
2026-02-12,BMCT,BMCT-01,BMCT01,,,,,,,,,,False,False,Daily Status Report 12.02.2026.pdf
2026-02-12,BMCT,BMCT-02,BMCT02,,,,,,,,,,False,False,Daily Status Report 12.02.2026.pdf
2026-02-12,BMCT,BMCT-03,BMCT03,,R2983,GREEN HOUSE,CONTAINER,11-02-2026 18:00,2026-02-11T12:30:00Z,12-02-2026 21:00,2026-02-12T15:30:00Z,27.0000,True,True,Daily Status Report 12.02.2026.pdf
2026-02-12,BMCT,BMCT-04,BMCT04,,,,,,,,,,False,False,Daily Status Report 12.02.2026.pdf
2026-02-12,BMCT,BMCT-05,BMCT05,,R3061,MSC QINGDAO,CONTAINER,12-02-2026 06:54,2026-02-12T01:24:00Z,13-02-2026 03:00,2026-02-12T21:30:00Z,20.1000,True,True,Daily Status Report 12.02.2026.pdf
2026-02-12,BPCL,LB-01,LB-01,,R7423,GREEN BHAVISHYA,LPG,12-02-2026 03:48,2026-02-11T22:18:00Z,13-02-2026 20:00,2026-02-13T14:30:00Z,40.2000,True,True,Daily Status Report 12.02.2026.pdf
2026-02-12,BPCL,LB-02,LB-02,,,,,,,,,,False,False,Daily Status Report 12.02.2026.pdf
2026-02-12,JJLTPL,LB-03,LB-03,,,,,,,,,,False,False,Daily Status Report 12.02.2026.pdf
2026-02-12,JJLTPL,LB-04,LB-04,,,,,,,,,,False,False,Daily Status Report 12.02.2026.pdf
2026-02-12,NSDT,CCB-N,CCB-N,,,,,,,,,,False,False,Daily Status Report 12.02.2026.pdf
2026-02-12,NSDT,CCB-S,CCB-S,,R7431,BOONYA NAREE,CEMENT,11-02-2026 01:00,2026-02-10T19:30:00Z,13-02-2026 09:42,2026-02-13T04:12:00Z,56.7000,True,True,Daily Status Report 12.02.2026.pdf
2026-02-12,NSDT,NSD-02,NSD-02,,R3051,LUCIA,CONTAINER,12-02-2026 03:15,2026-02-11T21:45:00Z,12-02-2026 23:55,2026-02-12T18:25:00Z,20.6667,True,True,Daily Status Report 12.02.2026.pdf
2026-02-12,NSDT,NSD-03,NSD-03,,R7447,SHIV SHAMBHU,STEEL,12-02-2026 04:12,2026-02-11T22:42:00Z,12-02-2026 12:55,2026-02-12T07:25:00Z,8.7167,True,True,Daily Status Report 12.02.2026.pdf
2026-05-12,NSFT,CB-01,CB01,,S0138,UAFL LIBERTY,CONTAINER,11-05-2026 19:48,2026-05-11T14:18:00Z,12-05-2026 10:00,2026-05-12T04:30:00Z,14.2000,True,True,Daily Status Report 12.05.2026.pdf
2026-05-12,NSFT,CB-02,CB02,,S0293,ZHONG YUE YUAN YANG,CONTAINER,11-05-2026 20:24,2026-05-11T14:54:00Z,12-05-2026 16:00,2026-05-12T10:30:00Z,19.6000,True,True,Daily Status Report 12.05.2026.pdf
2026-05-12,NSICT,CB-04,CB04,,S0306,DP WORLD JEDDAH,CONTAINER,11-05-2026 22:30,2026-05-11T17:00:00Z,12-05-2026 20:00,2026-05-12T14:30:00Z,21.5000,True,True,Daily Status Report 12.05.2026.pdf
2026-05-12,NSICT,CB-05,CB05,,S0316,SSL BRAHMAPUTRA,CONTAINER,12-05-2026 07:18,2026-05-12T01:48:00Z,12-05-2026 23:00,2026-05-12T17:30:00Z,15.7000,True,True,Daily Status Report 12.05.2026.pdf
2026-05-12,NSIGT,CB-06,CB-06,,S0219,ZHONG GU LAN ZHOU,CONTAINER,12-05-2026 05:50,2026-05-12T00:20:00Z,13-05-2026 03:00,2026-05-12T21:30:00Z,21.1667,True,True,Daily Status Report 12.05.2026.pdf
2026-05-12,APMT,APMT-01,APMT-01,,S0373,NYK VESTA,CONTAINER,11-05-2026 18:48,2026-05-11T13:18:00Z,13-05-2026 15:00,2026-05-13T09:30:00Z,44.2000,True,True,Daily Status Report 12.05.2026.pdf
2026-05-12,APMT,APMT-02,APMT-02,,S0249,ONE MAXIM,CONTAINER,12-05-2026 03:10,2026-05-11T21:40:00Z,13-05-2026 07:00,2026-05-13T01:30:00Z,27.8333,True,True,Daily Status Report 12.05.2026.pdf
2026-05-12,BMCT,BMCT-01,BMCT01,,S0296,BHUDTHI BHUM,CONTAINER,11-05-2026 07:36,2026-05-11T02:06:00Z,12-05-2026 17:00,2026-05-12T11:30:00Z,33.4000,True,True,Daily Status Report 12.05.2026.pdf
2026-05-12,BMCT,BMCT-02,BMCT02,,S0357,OOCL MALAYSIA,CONTAINER,09-05-2026 16:18,2026-05-09T10:48:00Z,14-05-2026 04:00,2026-05-13T22:30:00Z,107.7000,True,True,Daily Status Report 12.05.2026.pdf
2026-05-12,BMCT,BMCT-03,BMCT03,,,,,,,,,,False,False,Daily Status Report 12.05.2026.pdf
2026-05-12,BMCT,BMCT-04,BMCT04,,,,,,,,,,False,False,Daily Status Report 12.05.2026.pdf
2026-05-12,BMCT,BMCT-05,BMCT05,,S0367,MSC MIRJAM,CONTAINER,11-05-2026 18:00,2026-05-11T12:30:00Z,13-05-2026 05:00,2026-05-12T23:30:00Z,35.0000,True,True,Daily Status Report 12.05.2026.pdf
2026-05-12,BMCT,BMCT-06,BMCT06,,,,,,,,,,False,False,Daily Status Report 12.05.2026.pdf
2026-05-12,BPCL,LB-01,LB-01 [SOUTH],SOUTH,S6256,MELDER SKIN,SM,12-05-2026 05:42,2026-05-12T00:12:00Z,13-05-2026 00:30,2026-05-12T19:00:00Z,18.8000,True,True,Daily Status Report 12.05.2026.pdf
2026-05-12,BPCL,LB-02,LB-02,,,,,,,,,,False,False,Daily Status Report 12.05.2026.pdf
2026-05-12,JJLTPL,LB-03,LB-03,,S6249,HAFNIA TOURMALINE,CSFO,11-05-2026 23:54,2026-05-11T18:24:00Z,12-05-2026 19:42,2026-05-12T14:12:00Z,19.8000,True,True,Daily Status Report 12.05.2026.pdf
2026-05-12,JJLTPL,LB-04,LB-04,,S6232,STOLT ARGON,ACETONE/PHENOL,11-05-2026 23:42,2026-05-11T18:12:00Z,13-05-2026 11:00,2026-05-13T05:30:00Z,35.3000,True,True,Daily Status Report 12.05.2026.pdf
2026-05-12,NSDT,CCB-N,CCB-N,,R7657,ARHAAN,DREDGER,24-03-2026 17:40,2026-03-24T12:10:00Z,,,,True,False,Daily Status Report 12.05.2026.pdf
2026-05-12,NSDT,CCB-S,CCB-S,,,,,,,,,,False,False,Daily Status Report 12.05.2026.pdf
2026-05-12,NSDT,NSD-02,NSD-02,,S0374,PLUTO,CONTAINER,12-05-2026 03:54,2026-05-11T22:24:00Z,13-05-2026 03:54,2026-05-12T22:24:00Z,24.0000,True,True,Daily Status Report 12.05.2026.pdf
2026-05-12,NSDT,NSD-03,NSD-03,,S6067,BBC ONYX,PROJECT CARGO,10-05-2026 07:15,2026-05-10T01:45:00Z,13-05-2026 08:15,2026-05-13T02:45:00Z,73.0000,True,True,Daily Status Report 12.05.2026.pdf
2026-02-13,NSFT,CB-01,CB01,,R2894,SEASPAN LAHORE,CONTAINER,13-02-2026 01:42,2026-02-12T20:12:00Z,13-02-2026 14:00,2026-02-13T08:30:00Z,12.3000,True,True,Daily Status Report 13.02.2026.pdf
2026-02-13,NSFT,CB-02,CB02,,,,,,,,,,False,False,Daily Status Report 13.02.2026.pdf
2026-02-13,NSICT,CB-04,CB04,,R3014,LIBRA,CONTAINER,13-02-2026 00:24,2026-02-12T18:54:00Z,13-02-2026 09:00,2026-02-13T03:30:00Z,8.6000,True,True,Daily Status Report 13.02.2026.pdf
2026-02-13,NSICT,CB-05,CB05,,R2928,BFAD PACIFIC,CONTAINER,13-02-2026 01:18,2026-02-12T19:48:00Z,13-02-2026 10:00,2026-02-13T04:30:00Z,8.7000,True,True,Daily Status Report 13.02.2026.pdf
2026-02-13,NSIGT,CB-06,CB-06,,R2955,MSC UNIFIC VI,CONTAINER,12-02-2026 23:45,2026-02-12T18:15:00Z,13-02-2026 07:00,2026-02-13T01:30:00Z,7.2500,True,True,Daily Status Report 13.02.2026.pdf
2026-02-13,APMT,APMT-01,APMT-01,,R2880,ATLANTA EXPRESS,CONTAINER,11-02-2026 17:12,2026-02-11T11:42:00Z,13-02-2026 18:00,2026-02-13T12:30:00Z,48.8000,True,True,Daily Status Report 13.02.2026.pdf
2026-02-13,APMT,APMT-02,APMT-02,,R2979,WAN HAI 509,CONTAINER,12-02-2026 19:30,2026-02-12T14:00:00Z,14-02-2026 03:00,2026-02-13T21:30:00Z,31.5000,True,True,Daily Status Report 13.02.2026.pdf
2026-02-13,BMCT,BMCT-01,BMCT-01,,R2960,RDO GRACE,CONTAINER,12-02-2026 08:36,2026-02-12T03:06:00Z,13-02-2026 08:00,2026-02-13T02:30:00Z,23.4000,True,True,Daily Status Report 13.02.2026.pdf
2026-02-13,BMCT,BMCT-02,BMCT-02,,R2984,XIN TAI CANG,CONTAINER,12-02-2026 19:30,2026-02-12T14:00:00Z,14-02-2026 03:00,2026-02-13T21:30:00Z,31.5000,True,True,Daily Status Report 13.02.2026.pdf
2026-02-13,BMCT,BMCT-03,BMCT-03,,R2866,ARISTA,CONTAINER,13-02-2026 01:12,2026-02-12T19:42:00Z,13-02-2026 10:00,2026-02-13T04:30:00Z,8.8000,True,True,Daily Status Report 13.02.2026.pdf
2026-02-13,BMCT,BMCT-04,BMCT-04,,R2860,MARTHA A,CONTAINER,13-02-2026 08:06,2026-02-13T02:36:00Z,14-02-2026 07:00,2026-02-14T01:30:00Z,22.9000,True,True,Daily Status Report 13.02.2026.pdf
2026-02-13,BMCT,BMCT-05,BMCT-05,,,,,,,,,,False,False,Daily Status Report 13.02.2026.pdf
2026-02-13,BPCL,LB-01,LB-01,,R7423,GREEN BHAVISHYA,LPG,12-02-2026 03:48,2026-02-11T22:18:00Z,13-02-2026 20:00,2026-02-13T14:30:00Z,40.2000,True,True,Daily Status Report 13.02.2026.pdf
2026-02-13,BPCL,LB-02,LB-02,,R7419,BOW VICTORY,SM,12-02-2026 22:48,2026-02-12T17:18:00Z,14-02-2026 01:00,2026-02-13T19:30:00Z,26.2000,True,True,Daily Status Report 13.02.2026.pdf
2026-02-13,JJLTPL,LB-03,LB-03,,,,,,,,,,False,False,Daily Status Report 13.02.2026.pdf
2026-02-13,JJLTPL,LB-04,LB-04,,,,,,,,,,False,False,Daily Status Report 13.02.2026.pdf
2026-02-13,NSDT,CCB-N,CCB-N,,,,,,,,,,False,False,Daily Status Report 13.02.2026.pdf
2026-02-13,NSDT,CCB-S,CCB-S,,R7431,BOONYA NAREE,CEMENT,11-02-2026 01:00,2026-02-10T19:30:00Z,13-02-2026 08:45,2026-02-13T03:15:00Z,55.7500,True,True,Daily Status Report 13.02.2026.pdf
2026-02-13,NSDT,NSD-02,NSD-02,,,,,,,,,,False,False,Daily Status Report 13.02.2026.pdf
2026-02-13,NSDT,NSD-03,NSD-03,,,,,,,,,,False,False,Daily Status Report 13.02.2026.pdf
2026-05-13,NSFT,CB-01,CB01,,S0263,SHEBELLE,CONTAINER,12-05-2026 21:00,2026-05-12T15:30:00Z,13-05-2026 09:30,2026-05-13T04:00:00Z,12.5000,True,True,Daily Status Report 13.05.2026.pdf
2026-05-13,NSFT,CB-02,CB02,,,,,,,,,,False,False,Daily Status Report 13.05.2026.pdf
2026-05-13,NSICT,CB-04,CB04,,S0343,XPRESS KABRU,CONTAINER,12-05-2026 22:48,2026-05-12T17:18:00Z,14-05-2026 03:00,2026-05-13T21:30:00Z,28.2000,True,True,Daily Status Report 13.05.2026.pdf
2026-05-13,NSICT,CB-05,CB05,,S0276,KMTC MUMBAI,CONTAINER,12-05-2026 20:40,2026-05-12T15:10:00Z,13-05-2026 23:59,2026-05-13T18:29:00Z,27.3167,True,True,Daily Status Report 13.05.2026.pdf
2026-05-13,NSIGT,CB-06,CB-06,,S0351,WAN HAI A17,CONTAINER,13-05-2026 07:48,2026-05-13T02:18:00Z,14-05-2026 03:00,2026-05-13T21:30:00Z,19.2000,True,True,Daily Status Report 13.05.2026.pdf
2026-05-13,APMT,APMT-01,APMT-01,,S0373,NYK VESTA,CONTAINER,11-05-2026 18:48,2026-05-11T13:18:00Z,13-05-2026 11:00,2026-05-13T05:30:00Z,40.2000,True,True,Daily Status Report 13.05.2026.pdf
2026-05-13,APMT,APMT-02,APMT-02,,,,,,,,,,False,False,Daily Status Report 13.05.2026.pdf
2026-05-13,BMCT,BMCT-01,BMCT01,,S0217,KMTC DUBAI,CONTAINER,12-05-2026 22:18,2026-05-12T16:48:00Z,13-05-2026 19:00,2026-05-13T13:30:00Z,20.7000,True,True,Daily Status Report 13.05.2026.pdf
2026-05-13,BMCT,BMCT-02,BMCT02,,S0357,OOCL MALAYSIA,CONTAINER,09-05-2026 16:18,2026-05-09T10:48:00Z,14-05-2026 08:00,2026-05-14T02:30:00Z,111.7000,True,True,Daily Status Report 13.05.2026.pdf
2026-05-13,BMCT,BMCT-03,BMCT03,,S0438,CSTAR VOYAGER,CONTAINER,12-05-2026 08:42,2026-05-12T03:12:00Z,13-05-2026 18:00,2026-05-13T12:30:00Z,33.3000,True,True,Daily Status Report 13.05.2026.pdf
2026-05-13,BMCT,BMCT-04,BMCT04,,S0253,XIN YANG PU,CONTAINER,12-05-2026 08:12,2026-05-12T02:42:00Z,14-05-2026 20:00,2026-05-14T14:30:00Z,59.8000,True,True,Daily Status Report 13.05.2026.pdf
2026-05-13,BMCT,BMCT-05,BMCT05,,S0367,MSC MIRJAM,CONTAINER,11-05-2026 18:00,2026-05-11T12:30:00Z,13-05-2026 11:00,2026-05-13T05:30:00Z,41.0000,True,True,Daily Status Report 13.05.2026.pdf
2026-05-13,BPCL,LB-01,LB-01 [SOUTH],SOUTH,,,,,,,,,False,False,Daily Status Report 13.05.2026.pdf
2026-05-13,BPCL,LB-02,LB-02,,,,,,,,,,False,False,Daily Status Report 13.05.2026.pdf
2026-05-13,JJLTPL,LB-03,LB-03,,S6245,SEA RAY,CPO,13-05-2026 04:42,2026-05-12T23:12:00Z,14-05-2026 10:02,2026-05-14T04:32:00Z,29.3333,True,True,Daily Status Report 13.05.2026.pdf
2026-05-13,JJLTPL,LB-04,LB-04,,S6232,STOLT ARGON,ACETONE/PHENOL,11-05-2026 23:42,2026-05-11T18:12:00Z,13-05-2026 14:39,2026-05-13T09:09:00Z,38.9500,True,True,Daily Status Report 13.05.2026.pdf
2026-05-13,NSDT,CCB-N,CCB-N,,R7657,ARHAAN,DREDGER,24-03-2026 17:40,2026-03-24T12:10:00Z,,,,True,False,Daily Status Report 13.05.2026.pdf
2026-05-13,NSDT,CCB-S,CCB-S,,,,,,,,,,False,False,Daily Status Report 13.05.2026.pdf
2026-05-13,NSDT,NSD-02,NSD-02,,S0374,PLUTO,CONTAINER,12-05-2026 03:54,2026-05-11T22:24:00Z,13-05-2026 10:54,2026-05-13T05:24:00Z,31.0000,True,True,Daily Status Report 13.05.2026.pdf
2026-05-13,NSDT,NSD-03,NSD-03,,,,,,,,,,False,False,Daily Status Report 13.05.2026.pdf
2026-02-14,NSFT,CB-01,CB01,,R2982,APL LE HAVRE,CONTAINER,14-02-2026 03:30,2026-02-13T22:00:00Z,15-02-2026 09:00,2026-02-15T03:30:00Z,29.5000,True,True,Daily Status Report 14.02.2026.pdf
2026-02-14,NSFT,CB-02,CB02,,R3062,HUA CHUANG 66,CONTAINER,14-02-2026 02:36,2026-02-13T21:06:00Z,14-02-2026 14:00,2026-02-14T08:30:00Z,11.4000,True,True,Daily Status Report 14.02.2026.pdf
2026-02-14,NSICT,CB-04,CB04,,R3006,GSL MAMITSA,CONTAINER,13-02-2026 13:30,2026-02-13T08:00:00Z,14-02-2026 09:00,2026-02-14T03:30:00Z,19.5000,True,True,Daily Status Report 14.02.2026.pdf
2026-02-14,NSICT,CB-05,CB05,,R2992,HEDWIG SCHULTE,CONTAINER,13-02-2026 13:24,2026-02-13T07:54:00Z,14-02-2026 07:30,2026-02-14T02:00:00Z,18.1000,True,True,Daily Status Report 14.02.2026.pdf
2026-02-14,NSIGT,CB-06,CB-06,,R2933,TORRENTE,CONTAINER,14-02-2026 00:54,2026-02-13T19:24:00Z,15-02-2026 02:30,2026-02-14T21:00:00Z,25.6000,True,True,Daily Status Report 14.02.2026.pdf
2026-02-14,APMT,APMT-01,APMT-01,,R2990,OOCL TAIPEI,CONTAINER,13-02-2026 20:48,2026-02-13T15:18:00Z,14-02-2026 22:30,2026-02-14T17:00:00Z,25.7000,True,True,Daily Status Report 14.02.2026.pdf
2026-02-14,APMT,APMT-02,APMT-02,,,,,,,,,,False,False,Daily Status Report 14.02.2026.pdf
2026-02-14,BMCT,BMCT-01,BMCT-01,,R2911,TS KEELUNG,CONTAINER,13-02-2026 22:24,2026-02-13T16:54:00Z,15-02-2026 02:00,2026-02-14T20:30:00Z,27.6000,True,True,Daily Status Report 14.02.2026.pdf
2026-02-14,BMCT,BMCT-02,BMCT-02,,,,,,,,,,False,False,Daily Status Report 14.02.2026.pdf
2026-02-14,BMCT,BMCT-03,BMCT-03,,R2959,HMM LEAF,CONTAINER,13-02-2026 22:42,2026-02-13T17:12:00Z,14-02-2026 20:00,2026-02-14T14:30:00Z,21.3000,True,True,Daily Status Report 14.02.2026.pdf
2026-02-14,BMCT,BMCT-04,BMCT-04,,R2860,MARTHA A,CONTAINER,13-02-2026 08:06,2026-02-13T02:36:00Z,14-02-2026 09:30,2026-02-14T04:00:00Z,25.4000,True,True,Daily Status Report 14.02.2026.pdf
2026-02-14,BMCT,BMCT-05,BMCT-05,,R3050,NARA,CONTAINER,13-02-2026 23:48,2026-02-13T18:18:00Z,14-02-2026 12:00,2026-02-14T06:30:00Z,12.2000,True,True,Daily Status Report 14.02.2026.pdf
2026-02-14,BPCL,LB-01,LB-01,,,,,,,,,,False,False,Daily Status Report 14.02.2026.pdf
2026-02-14,BPCL,LB-02,LB-02,,R7436,SWARNA MALA,HSD+MS,14-02-2026 07:54,2026-02-14T02:24:00Z,16-02-2026 01:00,2026-02-15T19:30:00Z,41.1000,True,True,Daily Status Report 14.02.2026.pdf
2026-02-14,JJLTPL,LB-03,LB-03,,,,,,,,,,False,False,Daily Status Report 14.02.2026.pdf
2026-02-14,JJLTPL,LB-04,LB-04,,R7444,KAMUI GALAXY,VAM/ACETIC ACID,13-02-2026 20:00,2026-02-13T14:30:00Z,14-02-2026 18:59,2026-02-14T13:29:00Z,22.9833,True,True,Daily Status Report 14.02.2026.pdf
2026-02-14,NSDT,CCB-N,CCB-N,,,,,,,,,,False,False,Daily Status Report 14.02.2026.pdf
2026-02-14,NSDT,CCB-S,CCB-S,,R7440,APINYA NAREE,CEMENT,13-02-2026 16:30,2026-02-13T11:00:00Z,16-02-2026 01:23,2026-02-15T19:53:00Z,56.8833,True,True,Daily Status Report 14.02.2026.pdf
2026-02-14,NSDT,NSD-02,NSD-02,,,,,,,,,,False,False,Daily Status Report 14.02.2026.pdf
2026-02-14,NSDT,NSD-03,NSD-03,,,,,,,,,,False,False,Daily Status Report 14.02.2026.pdf
2026-05-14,NSFT,CB-01,CB01,,S0314,APL BARCELONA,CONTAINER,13-05-2026 13:48,2026-05-13T08:18:00Z,14-05-2026 11:00,2026-05-14T05:30:00Z,21.2000,True,True,Daily Status Report 14.05.2026.pdf
2026-05-14,NSFT,CB-02,CB02,,,,,,,,,,False,False,Daily Status Report 14.05.2026.pdf
2026-05-14,NSICT,CB-04,CB04,,S0273,SLS TOPAZ,CONTAINER,14-05-2026 07:06,2026-05-14T01:36:00Z,14-05-2026 19:00,2026-05-14T13:30:00Z,11.9000,True,True,Daily Status Report 14.05.2026.pdf
2026-05-14,NSICT,CB-05,CB05,,S0185,ARGOLIKOS,CONTAINER,14-05-2026 01:42,2026-05-13T20:12:00Z,14-05-2026 19:00,2026-05-14T13:30:00Z,17.3000,True,True,Daily Status Report 14.05.2026.pdf
2026-05-14,NSIGT,CB-06,CB-06,,S0351,WAN HAI A17,CONTAINER,13-05-2026 07:48,2026-05-13T02:18:00Z,15-05-2026 01:00,2026-05-14T19:30:00Z,41.2000,True,True,Daily Status Report 14.05.2026.pdf
2026-05-14,APMT,APMT-01,APMT-01,,,,,,,,,,False,False,Daily Status Report 14.05.2026.pdf
2026-05-14,APMT,APMT-02,APMT-02,,S0329,SEASPAN OSAKA,CONTAINER,14-05-2026 07:30,2026-05-14T02:00:00Z,15-05-2026 04:00,2026-05-14T22:30:00Z,20.5000,True,True,Daily Status Report 14.05.2026.pdf
2026-05-14,BMCT,BMCT-01,BMCT-01,,S0315,BOSON,CONTAINER,14-05-2026 01:30,2026-05-13T20:00:00Z,15-05-2026 12:00,2026-05-15T06:30:00Z,34.5000,True,True,Daily Status Report 14.05.2026.pdf
2026-05-14,BMCT,BMCT-02,BMCT-02,,,,,,,,,,False,False,Daily Status Report 14.05.2026.pdf
2026-05-14,BMCT,BMCT-03,BMCT-03,,S0310,SHENTON WAY,CONTAINER,14-05-2026 00:30,2026-05-13T19:00:00Z,15-05-2026 01:00,2026-05-14T19:30:00Z,24.5000,True,True,Daily Status Report 14.05.2026.pdf
2026-05-14,BMCT,BMCT-04,BMCT-04,,S0253,XIN YANG PU,CONTAINER,12-05-2026 08:12,2026-05-12T02:42:00Z,14-05-2026 20:00,2026-05-14T14:30:00Z,59.8000,True,True,Daily Status Report 14.05.2026.pdf
2026-05-14,BMCT,BMCT-05,BMCT-05,,S0307,MSC ROBERTA V,CONTAINER,13-05-2026 15:42,2026-05-13T10:12:00Z,14-05-2026 17:00,2026-05-14T11:30:00Z,25.3000,True,True,Daily Status Report 14.05.2026.pdf
2026-05-14,BMCT,BMCT-06,BMCT-06,,,,,,,,,,False,False,Daily Status Report 14.05.2026.pdf
2026-05-14,BPCL,LB-01,LB-01,,,,,,,,,,False,False,Daily Status Report 14.05.2026.pdf
2026-05-14,BPCL,LB-02,LB-02,,,,,,,,,,False,False,Daily Status Report 14.05.2026.pdf
2026-05-14,JJLTPL,LB-03,LB-03,,,,,,,,,,False,False,Daily Status Report 14.05.2026.pdf
2026-05-14,JJLTPL,LB-04,LB-04,,S6254,NO.5 OCEAN PIONEER,N BUTONAL/TOLUNE,13-05-2026 21:12,2026-05-13T15:42:00Z,14-05-2026 08:09,2026-05-14T02:39:00Z,10.9500,True,True,Daily Status Report 14.05.2026.pdf
2026-05-14,NSDT,CCB-N,CCB-N,,R7657,ARHAAN,DREDGER,24-03-2026 17:40,2026-03-24T12:10:00Z,,,,True,False,Daily Status Report 14.05.2026.pdf
2026-05-14,NSDT,CCB-S,CCB-S,,,,,,,,,,False,False,Daily Status Report 14.05.2026.pdf
2026-05-14,NSDT,NSD-02,NSD-02,,S6244,DANAYA NAREE,CEMENT,13-05-2026 21:12,2026-05-13T15:42:00Z,16-05-2026 05:12,2026-05-15T23:42:00Z,56.0000,True,True,Daily Status Report 14.05.2026.pdf
2026-05-14,NSDT,NSD-03,NSD-03,,S6264,AMNS TUFMAX,STEEL,13-05-2026 09:24,2026-05-13T03:54:00Z,14-05-2026 04:45,2026-05-13T23:15:00Z,19.3500,True,True,Daily Status Report 14.05.2026.pdf
2026-02-15,NSFT,CB-01,CB01,,R2982,APL LE HAVRE,CONTAINER,14-02-2026 03:30,2026-02-13T22:00:00Z,15-02-2026 11:00,2026-02-15T05:30:00Z,31.5000,True,True,Daily Status Report 15.02.2026.pdf
2026-02-15,NSFT,CB-02,CB02,,R2885,ESL DUBAI,CONTAINER,14-02-2026 21:24,2026-02-14T15:54:00Z,15-02-2026 20:00,2026-02-15T14:30:00Z,22.6000,True,True,Daily Status Report 15.02.2026.pdf
2026-02-15,NSICT,CB-04,CB04,,,,,,,,,,False,False,Daily Status Report 15.02.2026.pdf
2026-02-15,NSICT,CB-05,CB05,,R3038,MSC VANESSA,CONTAINER,14-02-2026 11:12,2026-02-14T05:42:00Z,15-02-2026 14:00,2026-02-15T08:30:00Z,26.8000,True,True,Daily Status Report 15.02.2026.pdf
2026-02-15,NSIGT,CB-06,CB-06,,R2952,MSC TAKORADI VIII,CONTAINER,15-02-2026 07:12,2026-02-15T01:42:00Z,16-02-2026 07:00,2026-02-16T01:30:00Z,23.8000,True,True,Daily Status Report 15.02.2026.pdf
2026-02-15,APMT,APMT-01,APMT-01,,R2925,MAERSK HANOI,CONTAINER,15-02-2026 06:18,2026-02-15T00:48:00Z,16-02-2026 06:00,2026-02-16T00:30:00Z,23.7000,True,True,Daily Status Report 15.02.2026.pdf
2026-02-15,APMT,APMT-02,APMT-02,,,,,,,,,,False,False,Daily Status Report 15.02.2026.pdf
2026-02-15,BMCT,BMCT-01,BMCT-01,,,,,,,,,,False,False,Daily Status Report 15.02.2026.pdf
2026-02-15,BMCT,BMCT-02,BMCT-02,,R2953,MSC FRANCESCA,CONTAINER,15-02-2026 00:48,2026-02-14T19:18:00Z,16-02-2026 10:00,2026-02-16T04:30:00Z,33.2000,True,True,Daily Status Report 15.02.2026.pdf
2026-02-15,BMCT,BMCT-03,BMCT-03,,R2854,KMTC DUBAI,CONTAINER,14-02-2026 23:00,2026-02-14T17:30:00Z,15-02-2026 19:00,2026-02-15T13:30:00Z,20.0000,True,True,Daily Status Report 15.02.2026.pdf
2026-02-15,BMCT,BMCT-04,BMCT-04,,R3037,MSC BEIJING,CONTAINER,14-02-2026 11:18,2026-02-14T05:48:00Z,15-02-2026 10:00,2026-02-15T04:30:00Z,22.7000,True,True,Daily Status Report 15.02.2026.pdf
2026-02-15,BMCT,BMCT-05,BMCT-05,,R3015,AL RAWDAH,CONTAINER,14-02-2026 17:30,2026-02-14T12:00:00Z,15-02-2026 16:00,2026-02-15T10:30:00Z,22.5000,True,True,Daily Status Report 15.02.2026.pdf
2026-02-15,BPCL,LB-01,LB-01 [NORTH],NORTH,,,,,,,,,False,False,Daily Status Report 15.02.2026.pdf
2026-02-15,BPCL,LB-01,LB-01 [SOUTH],SOUTH,R7451,BOW LION,MX+TOLIENE,14-02-2026 16:18,2026-02-14T10:48:00Z,16-02-2026 10:00,2026-02-16T04:30:00Z,41.7000,True,True,Daily Status Report 15.02.2026.pdf
2026-02-15,BPCL,LB-02,LB-02,,R7436,SWARNA MALA,HSD,14-02-2026 07:54,2026-02-14T02:24:00Z,16-02-2026 10:00,2026-02-16T04:30:00Z,50.1000,True,True,Daily Status Report 15.02.2026.pdf
2026-02-15,JJLTPL,LB-03,LB-03,,,,,,,,,,False,False,Daily Status Report 15.02.2026.pdf
2026-02-15,JJLTPL,LB-04,LB-04,,,,,,,,,,False,False,Daily Status Report 15.02.2026.pdf
2026-02-15,NSDT,CCB-N,CCB-N,,,,,,,,,,False,False,Daily Status Report 15.02.2026.pdf
2026-02-15,NSDT,CCB-S,CCB-S,,R7440,APINYA NAREE,CEMENT,13-02-2026 16:30,2026-02-13T11:00:00Z,16-02-2026 01:23,2026-02-15T19:53:00Z,56.8833,True,True,Daily Status Report 15.02.2026.pdf
2026-02-15,NSDT,NSD-02,NSD-02,,R3031,WILMOT,CONTAINER,14-02-2026 15:30,2026-02-14T10:00:00Z,15-02-2026 10:55,2026-02-15T05:25:00Z,19.4167,True,True,Daily Status Report 15.02.2026.pdf
2026-02-15,NSDT,NSD-03,NSD-03,,,,,,,,,,False,False,Daily Status Report 15.02.2026.pdf
2026-05-15,NSFT,CB-01,CB01,,S0292,CMA CGM BUTTERFLY,CONTAINER,14-05-2026 16:24,2026-05-14T10:54:00Z,15-05-2026 15:00,2026-05-15T09:30:00Z,22.6000,True,True,Daily Status Report 15.05.2026.pdf
2026-05-15,NSFT,CB-02,CB02,,,,,,,,,,False,False,Daily Status Report 15.05.2026.pdf
2026-05-15,NSICT,CB-04,CB04,,S0195,MARSA VIRGO,CONTAINER,15-05-2026 06:06,2026-05-15T00:36:00Z,15-05-2026 17:00,2026-05-15T11:30:00Z,10.9000,True,True,Daily Status Report 15.05.2026.pdf
2026-05-15,NSICT,CB-05,CB05,,,,,,,,,,False,False,Daily Status Report 15.05.2026.pdf
2026-05-15,NSIGT,CB-06,CB-06,,S0351,WAN HAI A17,CONTAINER,13-05-2026 07:48,2026-05-13T02:18:00Z,15-05-2026 12:00,2026-05-15T06:30:00Z,52.2000,True,True,Daily Status Report 15.05.2026.pdf
2026-05-15,APMT,APMT-01,APMT-01,,S0286,ATLANTA EXPRESS,CONTAINER,14-05-2026 10:00,2026-05-14T04:30:00Z,15-05-2026 22:00,2026-05-15T16:30:00Z,36.0000,True,True,Daily Status Report 15.05.2026.pdf
2026-05-15,APMT,APMT-02,APMT-02,,,,,,,,,,False,False,Daily Status Report 15.05.2026.pdf
2026-05-15,BMCT,BMCT-01,BMCT-01,,S0315,BOSON,CONTAINER,14-05-2026 01:30,2026-05-13T20:00:00Z,15-05-2026 12:00,2026-05-15T06:30:00Z,34.5000,True,True,Daily Status Report 15.05.2026.pdf
2026-05-15,BMCT,BMCT-02,BMCT-02,,S0280,SEASPAN BREEZE,CONTAINER,14-05-2026 09:48,2026-05-14T04:18:00Z,15-05-2026 13:00,2026-05-15T07:30:00Z,27.2000,True,True,Daily Status Report 15.05.2026.pdf
2026-05-15,BMCT,BMCT-03,BMCT-03,,S0310,SHENTON WAY,CONTAINER,14-05-2026 00:30,2026-05-13T19:00:00Z,15-05-2026 11:00,2026-05-15T05:30:00Z,34.5000,True,True,Daily Status Report 15.05.2026.pdf
2026-05-15,BMCT,BMCT-04,BMCT-04,,,,,,,,,,False,False,Daily Status Report 15.05.2026.pdf
2026-05-15,BMCT,BMCT-05,BMCT-05,,,,,,,,,,False,False,Daily Status Report 15.05.2026.pdf
2026-05-15,BMCT,BMCT-06,BMCT-06,,,,,,,,,,False,False,Daily Status Report 15.05.2026.pdf
2026-05-15,BPCL,LB-01,LB-01,,S6246,MAYFAIR,HSD+MS+HF HSD,14-05-2026 17:00,2026-05-14T11:30:00Z,16-05-2026 20:00,2026-05-16T14:30:00Z,51.0000,True,True,Daily Status Report 15.05.2026.pdf
2026-05-15,BPCL,LB-02,LB-02,,S6251,DAWN HARIDWAR,FO [E],14-05-2026 17:48,2026-05-14T12:18:00Z,15-05-2026 22:30,2026-05-15T17:00:00Z,28.7000,True,True,Daily Status Report 15.05.2026.pdf
2026-05-15,JJLTPL,LB-03,LB-03,,,,,,,,,,False,False,Daily Status Report 15.05.2026.pdf
2026-05-15,JJLTPL,LB-04,LB-04,,S6208,WAWASAN TOPAZ,BASE OIL,15-05-2026 03:36,2026-05-14T22:06:00Z,17-05-2026 13:47,2026-05-17T08:17:00Z,58.1833,True,True,Daily Status Report 15.05.2026.pdf
2026-05-15,NSDT,CCB-N,CCB-N,,R7657,ARHAAN,DREDGER,24-03-2026 17:40,2026-03-24T12:10:00Z,,,,True,False,Daily Status Report 15.05.2026.pdf
2026-05-15,NSDT,CCB-S,CCB-S,,,,,,,,,,False,False,Daily Status Report 15.05.2026.pdf
2026-05-15,NSDT,NSD-02,NSD-02,,S6244,DANAYA NAREE,CEMENT,13-05-2026 21:12,2026-05-13T15:42:00Z,16-05-2026 05:12,2026-05-15T23:42:00Z,56.0000,True,True,Daily Status Report 15.05.2026.pdf
2026-05-15,NSDT,NSD-03,NSD-03,,S6222,PARADISE,SLUDGE OIL,15-05-2026 05:30,2026-05-15T00:00:00Z,,,,True,False,Daily Status Report 15.05.2026.pdf
2026-02-16,NSFT,CB-01,CB01,,R2935,SAFEEN POWER,CONTAINER,15-02-2026 17:12,2026-02-15T11:42:00Z,16-02-2026 09:15,2026-02-16T03:45:00Z,16.0500,True,True,Daily Status Report 16.02.2026.pdf
2026-02-16,NSFT,CB-02,CB02,,,,,,,,,,False,False,Daily Status Report 16.02.2026.pdf
2026-02-16,NSICT,CB-04,CB04,,R3024,ARTABAZ,CONTAINER,15-02-2026 12:06,2026-02-15T06:36:00Z,16-02-2026 08:00,2026-02-16T02:30:00Z,19.9000,True,True,Daily Status Report 16.02.2026.pdf
2026-02-16,NSICT,CB-05,CB05,,,,,,,,,,False,False,Daily Status Report 16.02.2026.pdf
2026-02-16,NSIGT,CB-06,CB-06,,R2952,MSC TAKORADI VIII,CONTAINER,15-02-2026 07:12,2026-02-15T01:42:00Z,16-02-2026 09:30,2026-02-16T04:00:00Z,26.3000,True,True,Daily Status Report 16.02.2026.pdf
2026-02-16,APMT,APMT-01,APMT-01,,R2925,MAERSK HANOI,CONTAINER,15-02-2026 06:18,2026-02-15T00:48:00Z,16-02-2026 11:30,2026-02-16T06:00:00Z,29.2000,True,True,Daily Status Report 16.02.2026.pdf
2026-02-16,APMT,APMT-02,APMT-02,,R3005,CHARLOTTE SCHULTE,CONTAINER,15-02-2026 09:42,2026-02-15T04:12:00Z,16-02-2026 11:30,2026-02-16T06:00:00Z,25.8000,True,True,Daily Status Report 16.02.2026.pdf
2026-02-16,BMCT,BMCT-01,BMCT-01,,R3000,INTERASIA TRANSCEND,CONTAINER,15-02-2026 11:36,2026-02-15T06:06:00Z,16-02-2026 11:00,2026-02-16T05:30:00Z,23.4000,True,True,Daily Status Report 16.02.2026.pdf
2026-02-16,BMCT,BMCT-02,BMCT-02,,R2953,MSC FRANCESCA,CONTAINER,15-02-2026 00:48,2026-02-14T19:18:00Z,16-02-2026 09:45,2026-02-16T04:15:00Z,32.9500,True,True,Daily Status Report 16.02.2026.pdf
2026-02-16,BMCT,BMCT-03,BMCT-03,,R2936,SEASPAN BRIGHTNESS,CONTAINER,15-02-2026 23:12,2026-02-15T17:42:00Z,17-02-2026 05:00,2026-02-16T23:30:00Z,29.8000,True,True,Daily Status Report 16.02.2026.pdf
2026-02-16,BMCT,BMCT-04,BMCT-04,,,,,,,,,,False,False,Daily Status Report 16.02.2026.pdf
2026-02-16,BMCT,BMCT-05,BMCT-05,,R3030,MSC JEANNE IV,CONTAINER,15-02-2026 22:15,2026-02-15T16:45:00Z,16-02-2026 11:00,2026-02-16T05:30:00Z,12.7500,True,True,Daily Status Report 16.02.2026.pdf
2026-02-16,BPCL,LB-01,LB-01 [NORTH],NORTH,R7456,MANDALA,OLEIC ACID + VAM,15-02-2026 12:35,2026-02-15T07:05:00Z,16-02-2026 14:00,2026-02-16T08:30:00Z,25.4167,True,True,Daily Status Report 16.02.2026.pdf
2026-02-16,BPCL,LB-01,LB-01 [SOUTH],SOUTH,R7451,BOW LION,MX+TOLUENE,14-02-2026 16:18,2026-02-14T10:48:00Z,16-02-2026 12:00,2026-02-16T06:30:00Z,43.7000,True,True,Daily Status Report 16.02.2026.pdf
2026-02-16,BPCL,LB-02,LB-02,,R7436,SWARNA MALA,HSD + MS,14-02-2026 07:54,2026-02-14T02:24:00Z,16-02-2026 05:18,2026-02-15T23:48:00Z,45.4000,True,True,Daily Status Report 16.02.2026.pdf
2026-02-16,JJLTPL,LB-03,LB-03,,,,,,,,,,False,False,Daily Status Report 16.02.2026.pdf
2026-02-16,JJLTPL,LB-04,LB-04,,,,,,,,,,False,False,Daily Status Report 16.02.2026.pdf
2026-02-16,NSDT,CCB-N,CCB-N,,,,,,,,,,False,False,Daily Status Report 16.02.2026.pdf
2026-02-16,NSDT,CCB-S,CCB-S,,,,,,,,,,False,False,Daily Status Report 16.02.2026.pdf
2026-02-16,NSDT,NSD-02,NSD-02,,R7443,AM PRINCESS,STEEL,15-02-2026 17:48,2026-02-15T12:18:00Z,17-02-2026 06:00,2026-02-17T00:30:00Z,36.2000,True,True,Daily Status Report 16.02.2026.pdf
2026-02-16,NSDT,NSD-03,NSD-03,,R7462,SHIV SHAMBHU,STEEL,15-02-2026 23:36,2026-02-15T18:06:00Z,16-02-2026 07:40,2026-02-16T02:10:00Z,8.0667,True,True,Daily Status Report 16.02.2026.pdf
2026-05-16,NSFT,CB-01,CB01,,S0298,CMA CGM VILA DO CONDE,CONTAINER,15-05-2026 19:36,2026-05-15T14:06:00Z,16-05-2026 14:00,2026-05-16T08:30:00Z,18.4000,True,True,Daily Status Report 16.05.2026.pdf
2026-05-16,NSFT,CB-02,CB02,,,,,,,,,,False,False,Daily Status Report 16.05.2026.pdf
2026-05-16,NSICT,CB-04,CB04,,S0270,ALIANCA MANAUS,CONTAINER,15-05-2026 23:42,2026-05-15T18:12:00Z,16-05-2026 23:59,2026-05-16T18:29:00Z,24.2833,True,True,Daily Status Report 16.05.2026.pdf
2026-05-16,NSICT,CB-05,CB05,,S0271,MAERSK PITTSBURGH,CONTAINER,15-05-2026 10:48,2026-05-15T05:18:00Z,16-05-2026 15:00,2026-05-16T09:30:00Z,28.2000,True,True,Daily Status Report 16.05.2026.pdf
2026-05-16,NSIGT,CB-06,CB-06,,S0311,MSC UNIFIC VI,CONTAINER,15-05-2026 18:00,2026-05-15T12:30:00Z,16-05-2026 13:00,2026-05-16T07:30:00Z,19.0000,True,True,Daily Status Report 16.05.2026.pdf
2026-05-16,APMT,APMT-01,APMT-01,,S0347,WAN HAI 512,CONTAINER,15-05-2026 23:42,2026-05-15T18:12:00Z,16-05-2026 23:45,2026-05-16T18:15:00Z,24.0500,True,True,Daily Status Report 16.05.2026.pdf
2026-05-16,APMT,APMT-02,APMT-02,,S0420,TSS AMBER,CONTAINER,15-05-2026 10:54,2026-05-15T05:24:00Z,16-05-2026 18:00,2026-05-16T12:30:00Z,31.1000,True,True,Daily Status Report 16.05.2026.pdf
2026-05-16,BMCT,BMCT-01,BMCT01,,,,,,,,,,False,False,Daily Status Report 16.05.2026.pdf
2026-05-16,BMCT,BMCT-02,BMCT02,,,,,,,,,,False,False,Daily Status Report 16.05.2026.pdf
2026-05-16,BMCT,BMCT-03,BMCT03,,,,,,,,,,False,False,Daily Status Report 16.05.2026.pdf
2026-05-16,BMCT,BMCT-04,BMCT04,,S0389,RDO GLORY,CONTAINER,15-05-2026 10:42,2026-05-15T05:12:00Z,16-05-2026 12:00,2026-05-16T06:30:00Z,25.3000,True,True,Daily Status Report 16.05.2026.pdf
2026-05-16,BMCT,BMCT-05,BMCT05,,S0308,MSC SONIA,CONTAINER,15-05-2026 11:12,2026-05-15T05:42:00Z,17-05-2026 06:00,2026-05-17T00:30:00Z,42.8000,True,True,Daily Status Report 16.05.2026.pdf
2026-05-16,BPCL,LB-01,LB-01,,S6246,MAYFAIR,HSD+MS,14-05-2026 17:00,2026-05-14T11:30:00Z,17-05-2026 00:30,2026-05-16T19:00:00Z,55.5000,True,True,Daily Status Report 16.05.2026.pdf
2026-05-16,BPCL,LB-02,LB-02,,,,,,,,,,False,False,Daily Status Report 16.05.2026.pdf
2026-05-16,JJLTPL,LB-03,LB-03,,,,,,,,,,False,False,Daily Status Report 16.05.2026.pdf
2026-05-16,JJLTPL,LB-04,LB-04,,S6208,WAWASAN TOPAZ,BASE OIL,15-05-2026 03:36,2026-05-14T22:06:00Z,17-05-2026 23:53,2026-05-17T18:23:00Z,68.2833,True,True,Daily Status Report 16.05.2026.pdf
2026-05-16,NSDT,CCB-N,CCB-N,,R7657,ARHAAN,DREDGER,24-03-2026 17:40,2026-03-24T12:10:00Z,,,,True,False,Daily Status Report 16.05.2026.pdf
2026-05-16,NSDT,CCB-S,CCB-S,,,,,,,,,,False,False,Daily Status Report 16.05.2026.pdf
2026-05-16,NSDT,NSD-02,NSD-02,,S6244,DANAYA NAREE,CEMENT,13-05-2026 21:12,2026-05-13T15:42:00Z,16-05-2026 22:12,2026-05-16T16:42:00Z,73.0000,True,True,Daily Status Report 16.05.2026.pdf
2026-05-16,NSDT,NSD-03,NSD-03,,S6278,PARTHSHARTHI,STEEL COIL,16-05-2026 07:00,2026-05-16T01:30:00Z,16-05-2026 13:00,2026-05-16T07:30:00Z,6.0000,True,True,Daily Status Report 16.05.2026.pdf
2026-02-17,NSFT,CB-01,CB01,,R3019,CMA CGM CASSIOPEIA,CONTAINER,16-02-2026 13:45,2026-02-16T08:15:00Z,17-02-2026 12:30,2026-02-17T07:00:00Z,22.7500,True,True,Daily Status Report 17.02.2026.pdf
2026-02-17,NSFT,CB-02,CB02,,,,,,,,,,False,False,Daily Status Report 17.02.2026.pdf
2026-02-17,NSICT,CB-04,CB04,,R3026,GOLBON,CONTAINER,16-02-2026 11:06,2026-02-16T05:36:00Z,17-02-2026 07:30,2026-02-17T02:00:00Z,20.4000,True,True,Daily Status Report 17.02.2026.pdf
2026-02-17,NSICT,CB-05,CB05,,R2881,LOA PEACE,CONTAINER,16-02-2026 10:12,2026-02-16T04:42:00Z,17-02-2026 14:40,2026-02-17T09:10:00Z,28.4667,True,True,Daily Status Report 17.02.2026.pdf
2026-02-17,NSIGT,CB-06,CB-06,,R2993,KMTC MUMBAI,CONTAINER,17-02-2026 06:06,2026-02-17T00:36:00Z,17-02-2026 23:59,2026-02-17T18:29:00Z,17.8833,True,True,Daily Status Report 17.02.2026.pdf
2026-02-17,APMT,APMT-01,APMT-01,,R3011,YM MATURITY,CONTAINER,16-02-2026 13:48,2026-02-16T08:18:00Z,17-02-2026 21:30,2026-02-17T16:00:00Z,31.7000,True,True,Daily Status Report 17.02.2026.pdf
2026-02-17,APMT,APMT-02,APMT-02,,R3012,ZHONG GU NAN NING,CONTAINER,16-02-2026 14:48,2026-02-16T09:18:00Z,17-02-2026 08:45,2026-02-17T03:15:00Z,17.9500,True,True,Daily Status Report 17.02.2026.pdf
2026-02-17,BMCT,BMCT-01,BMCT-01,,,,,,,,,,False,False,Daily Status Report 17.02.2026.pdf
2026-02-17,BMCT,BMCT-02,BMCT-02,,R2997,KOTA SANTOS,CONTAINER,16-02-2026 23:42,2026-02-16T18:12:00Z,18-02-2026 03:00,2026-02-17T21:30:00Z,27.3000,True,True,Daily Status Report 17.02.2026.pdf
2026-02-17,BMCT,BMCT-03,BMCT-03,,R3083,MSC VILDA X,CONTAINER,17-02-2026 04:42,2026-02-16T23:12:00Z,18-02-2026 03:00,2026-02-17T21:30:00Z,22.3000,True,True,Daily Status Report 17.02.2026.pdf
2026-02-17,BMCT,BMCT-04,BMCT-04,,R3059,MSC BUSAN,CONTAINER,16-02-2026 10:48,2026-02-16T05:18:00Z,17-02-2026 08:00,2026-02-17T02:30:00Z,21.2000,True,True,Daily Status Report 17.02.2026.pdf
2026-02-17,BMCT,BMCT-05,BMCT-05,,R3139,MSC ALIZEE III,CONTAINER,17-02-2026 08:10,2026-02-17T02:40:00Z,17-02-2026 23:00,2026-02-17T17:30:00Z,14.8333,True,True,Daily Status Report 17.02.2026.pdf
2026-02-17,BPCL,LB-01,LB-01,,R7417,MANTA BEYLERBEYI,LPG,16-02-2026 21:00,2026-02-16T15:30:00Z,18-02-2026 13:00,2026-02-18T07:30:00Z,40.0000,True,True,Daily Status Report 17.02.2026.pdf
2026-02-17,BPCL,LB-02,LB-02,,R7450,CHEMROAD JOURNEY,EDIBLE OIL,16-02-2026 13:36,2026-02-16T08:06:00Z,17-02-2026 22:00,2026-02-17T16:30:00Z,32.4000,True,True,Daily Status Report 17.02.2026.pdf
2026-02-17,JJLTPL,LB-03,LB-03,,,,,,,,,,False,False,Daily Status Report 17.02.2026.pdf
2026-02-17,JJLTPL,LB-04,LB-04,,R7445,CHEM LEONA,PH ACID,16-02-2026 17:40,2026-02-16T12:10:00Z,17-02-2026 09:40,2026-02-17T04:10:00Z,16.0000,True,True,Daily Status Report 17.02.2026.pdf
2026-02-17,NSDT,CCB-N,CCB-N,,,,,,,,,,False,False,Daily Status Report 17.02.2026.pdf
2026-02-17,NSDT,CCB-S,CCB-S,,,,,,,,,,False,False,Daily Status Report 17.02.2026.pdf
2026-02-17,NSDT,NSD-02,NSD-02,,R7443,AM PRINCESS,STEEL,15-02-2026 17:48,2026-02-15T12:18:00Z,17-02-2026 13:40,2026-02-17T08:10:00Z,43.8667,True,True,Daily Status Report 17.02.2026.pdf
2026-02-17,NSDT,NSD-03,NSD-03,,,,,,,,,,False,False,Daily Status Report 17.02.2026.pdf
2026-05-17,NSFT,CB-01,CB01,,S0291,CMA CGM MOMBASA,CONTAINER,16-05-2026 19:06,2026-05-16T13:36:00Z,17-05-2026 13:00,2026-05-17T07:30:00Z,17.9000,True,True,Daily Status Report 17.05.2026.pdf
2026-05-17,NSFT,CB-02,CB02,,,,,,,,,,False,False,Daily Status Report 17.05.2026.pdf
2026-05-17,NSICT,CB-04,CB04,,S0239,FENG HAI 66,CONTAINER,17-05-2026 06:06,2026-05-17T00:36:00Z,18-05-2026 05:00,2026-05-17T23:30:00Z,22.9000,True,True,Daily Status Report 17.05.2026.pdf
2026-05-17,NSICT,CB-05,CB05,,S0418,MSC NOA,CONTAINER,16-05-2026 20:18,2026-05-16T14:48:00Z,17-05-2026 20:00,2026-05-17T14:30:00Z,23.7000,True,True,Daily Status Report 17.05.2026.pdf
2026-05-17,NSIGT,CB-06,CB-06,,S0326,TUCAPEL,CONTAINER,17-05-2026 00:48,2026-05-16T19:18:00Z,18-05-2026 12:30,2026-05-18T07:00:00Z,35.7000,True,True,Daily Status Report 17.05.2026.pdf
2026-05-17,APMT,APMT-01,APMT-01,,S0206,XPRESS BARDSEY,CONTAINER,17-05-2026 06:36,2026-05-17T01:06:00Z,17-05-2026 15:00,2026-05-17T09:30:00Z,8.4000,True,True,Daily Status Report 17.05.2026.pdf
2026-05-17,APMT,APMT-02,APMT-02,,S0346,WAN HAI 502,CONTAINER,16-05-2026 20:12,2026-05-16T14:42:00Z,18-05-2026 18:30,2026-05-18T13:00:00Z,46.3000,True,True,Daily Status Report 17.05.2026.pdf
2026-05-17,BMCT,BMCT-01,BMCT01,,S0302,EVER LUCID,CONTAINER,16-05-2026 12:30,2026-05-16T07:00:00Z,18-05-2026 03:00,2026-05-17T21:30:00Z,38.5000,True,True,Daily Status Report 17.05.2026.pdf
2026-05-17,BMCT,BMCT-02,BMCT02,,S0344,ESL KABIR,CONTAINER,16-05-2026 11:48,2026-05-16T06:18:00Z,18-05-2026 07:00,2026-05-18T01:30:00Z,43.2000,True,True,Daily Status Report 17.05.2026.pdf
2026-05-17,BMCT,BMCT-03,BMCT03,,S0131,SAFEEN PROSPER,CONTAINER,16-05-2026 11:06,2026-05-16T05:36:00Z,17-05-2026 21:00,2026-05-17T15:30:00Z,33.9000,True,True,Daily Status Report 17.05.2026.pdf
2026-05-17,BMCT,BMCT-04,BMCT04,,S0240,FOLK DAMMAM,CONTAINER,16-05-2026 15:06,2026-05-16T09:36:00Z,17-05-2026 14:00,2026-05-17T08:30:00Z,22.9000,True,True,Daily Status Report 17.05.2026.pdf
2026-05-17,BMCT,BMCT-05,BMCT05,,,,,,,,,,False,False,Daily Status Report 17.05.2026.pdf
2026-05-17,BPCL,LB-01,LB-01,,S6246,MAYFAIR,HSD+MS,14-05-2026 17:00,2026-05-14T11:30:00Z,17-05-2026 07:42,2026-05-17T02:12:00Z,62.7000,True,True,Daily Status Report 17.05.2026.pdf
2026-05-17,BPCL,LB-02,LB-02,,,,,,,,,,False,False,Daily Status Report 17.05.2026.pdf
2026-05-17,JJLTPL,LB-03,LB-03,,,,,,,,,,False,False,Daily Status Report 17.05.2026.pdf
2026-05-17,JJLTPL,LB-04,LB-04,,S6208,WAWASAN TOPAZ,BASE OIL,15-05-2026 03:36,2026-05-14T22:06:00Z,18-05-2026 02:20,2026-05-17T20:50:00Z,70.7333,True,True,Daily Status Report 17.05.2026.pdf
2026-05-17,NSDT,CCB-N,CCB-N,,R7657,ARHAAN,DREDGER,24-03-2026 17:40,2026-03-24T12:10:00Z,,,,True,False,Daily Status Report 17.05.2026.pdf
2026-05-17,NSDT,CCB-S,CCB-S,,,,,,,,,,False,False,Daily Status Report 17.05.2026.pdf
2026-05-17,NSDT,NSD-02,NSD-02,,,,,,,,,,False,False,Daily Status Report 17.05.2026.pdf
2026-05-17,NSDT,NSD-03,NSD-03,,,,,,,,,,False,False,Daily Status Report 17.05.2026.pdf
2026-02-18,NSFT,CB-01,CB01,,R3020,CMA CGM THALASSA,CONTAINER,18-02-2026 00:24,2026-02-17T18:54:00Z,18-02-2026 23:30,2026-02-18T18:00:00Z,23.1000,True,True,Daily Status Report 18.02.2026.pdf
2026-02-18,NSFT,CB-02,CB02,,R3013,HUI FENG HAI,CONTAINER,18-02-2026 07:00,2026-02-18T01:30:00Z,18-02-2026 19:00,2026-02-18T13:30:00Z,12.0000,True,True,Daily Status Report 18.02.2026.pdf
2026-02-18,NSICT,CB-04,CB04,,R2976,MAERSK FLORENCE,CONTAINER,17-02-2026 13:36,2026-02-17T08:06:00Z,18-02-2026 02:20,2026-02-17T20:50:00Z,12.7333,True,True,Daily Status Report 18.02.2026.pdf
2026-02-18,NSICT,CB-05,CB05,,R2975,MAERSK KENTUCKY,CONTAINER,18-02-2026 08:00,2026-02-18T02:30:00Z,18-02-2026 22:00,2026-02-18T16:30:00Z,14.0000,True,True,Daily Status Report 18.02.2026.pdf
2026-02-18,NSIGT,CB-06,CB-06,,,,,,,,,,False,False,Daily Status Report 18.02.2026.pdf
2026-02-18,APMT,APMT-01,APMT-01,,R3093,XPRESS PHOENIX,CONTAINER,18-02-2026 01:30,2026-02-17T20:00:00Z,18-02-2026 23:30,2026-02-18T18:00:00Z,22.0000,True,True,Daily Status Report 18.02.2026.pdf
2026-02-18,APMT,APMT-02,APMT-02,,R2977,WAN HAI 611,CONTAINER,17-02-2026 11:12,2026-02-17T05:42:00Z,18-02-2026 17:00,2026-02-18T11:30:00Z,29.8000,True,True,Daily Status Report 18.02.2026.pdf
2026-02-18,BMCT,BMCT-01,BMCT-01,,R2966,BARYON,CONTAINER,17-02-2026 14:00,2026-02-17T08:30:00Z,18-02-2026 10:00,2026-02-18T04:30:00Z,20.0000,True,True,Daily Status Report 18.02.2026.pdf
2026-02-18,BMCT,BMCT-02,BMCT-02,,R3072,FOLK JEDDAH,CONTAINER,18-02-2026 03:24,2026-02-17T21:54:00Z,18-02-2026 15:00,2026-02-18T09:30:00Z,11.6000,True,True,Daily Status Report 18.02.2026.pdf
2026-02-18,BMCT,BMCT-03,BMCT-03,,R3083,MSC VILDA X,CONTAINER,17-02-2026 04:42,2026-02-16T23:12:00Z,18-02-2026 03:54,2026-02-17T22:24:00Z,23.2000,True,True,Daily Status Report 18.02.2026.pdf
2026-02-18,BMCT,BMCT-04,BMCT-04,,R3016,MSC PALERMO,CONTAINER,17-02-2026 11:48,2026-02-17T06:18:00Z,18-02-2026 10:00,2026-02-18T04:30:00Z,22.2000,True,True,Daily Status Report 18.02.2026.pdf
2026-02-18,BMCT,BMCT-05,BMCT-05,,,,,,,,,,False,False,Daily Status Report 18.02.2026.pdf
2026-02-18,BPCL,LB-01,LB-01,,R7417,MANTA BEYLERBEYI,LPG MIX,16-02-2026 21:00,2026-02-16T15:30:00Z,18-02-2026 13:00,2026-02-18T07:30:00Z,40.0000,True,True,Daily Status Report 18.02.2026.pdf
2026-02-18,BPCL,LB-02,LB-02,,R7460,DAWN HARIDWAR,FUEL OIL,18-02-2026 01:12,2026-02-17T19:42:00Z,19-02-2026 10:00,2026-02-19T04:30:00Z,32.8000,True,True,Daily Status Report 18.02.2026.pdf
2026-02-18,JJLTPL,LB-03,LB-03,,,,,,,,,,False,False,Daily Status Report 18.02.2026.pdf
2026-02-18,JJLTPL,LB-04,LB-04,,R7445,CHEM LEONA,PH ACID,16-02-2026 17:40,2026-02-16T12:10:00Z,18-02-2026 17:53,2026-02-18T12:23:00Z,48.2167,True,True,Daily Status Report 18.02.2026.pdf
2026-02-18,NSDT,CCB-N,CCB-N,,,,,,,,,,False,False,Daily Status Report 18.02.2026.pdf
2026-02-18,NSDT,CCB-S,CCB-S,,R7430,ADVAITA,CEMENT,17-02-2026 12:18,2026-02-17T06:48:00Z,19-02-2026 20:34,2026-02-19T15:04:00Z,56.2667,True,True,Daily Status Report 18.02.2026.pdf
2026-02-18,NSDT,NSD-02,NSD-02,,R7466,DS OCEAN,TOL+MX,18-02-2026 00:40,2026-02-17T19:10:00Z,19-02-2026 00:30,2026-02-18T19:00:00Z,23.8333,True,True,Daily Status Report 18.02.2026.pdf
2026-02-18,NSDT,NSD-03,NSD-03,,,,,,,,,,False,False,Daily Status Report 18.02.2026.pdf
2026-05-18,NSFT,CB-01,CB01,,S0069,CMA CGM AQUILA,CONTAINER,17-05-2026 19:00,2026-05-17T13:30:00Z,18-05-2026 20:00,2026-05-18T14:30:00Z,25.0000,True,True,Daily Status Report 18.05.2026.pdf
2026-05-18,NSFT,CB-02,CB02,,,,,,,,,,False,False,Daily Status Report 18.05.2026.pdf
2026-05-18,NSICT,CB-04,CB04,,S0425,HONG YONG CHANG SHENG,CONTAINER,18-05-2026 06:15,2026-05-18T00:45:00Z,19-05-2026 10:00,2026-05-19T04:30:00Z,27.7500,True,True,Daily Status Report 18.05.2026.pdf
2026-05-18,NSICT,CB-05,CB05,,S0278,HE RUN XIANG MAO,CONTAINER,17-05-2026 23:24,2026-05-17T17:54:00Z,18-05-2026 11:00,2026-05-18T05:30:00Z,11.6000,True,True,Daily Status Report 18.05.2026.pdf
2026-05-18,NSIGT,CB-06,CB-06,,S0326,TUCAPEL,CONTAINER,17-05-2026 00:48,2026-05-16T19:18:00Z,18-05-2026 20:00,2026-05-18T14:30:00Z,43.2000,True,True,Daily Status Report 18.05.2026.pdf
2026-05-18,APMT,APMT-01,APMT-01,,S0184,MAERSK HANOI,CONTAINER,17-05-2026 20:00,2026-05-17T14:30:00Z,18-05-2026 14:00,2026-05-18T08:30:00Z,18.0000,True,True,Daily Status Report 18.05.2026.pdf
2026-05-18,APMT,APMT-02,APMT-02,,S0297,INTERASIA TRANSCEND,CONTAINER,17-05-2026 19:36,2026-05-17T14:06:00Z,18-05-2026 13:00,2026-05-18T07:30:00Z,17.4000,True,True,Daily Status Report 18.05.2026.pdf
2026-05-18,BMCT,BMCT-01,BMCT-01,,S0302,EVER LUCID,CONTAINER,16-05-2026 12:30,2026-05-16T07:00:00Z,18-05-2026 09:00,2026-05-18T03:30:00Z,44.5000,True,True,Daily Status Report 18.05.2026.pdf
2026-05-18,BMCT,BMCT-02,BMCT-02,,S0344,ESL KABIR,CONTAINER,16-05-2026 11:48,2026-05-16T06:18:00Z,18-05-2026 09:00,2026-05-18T03:30:00Z,45.2000,True,True,Daily Status Report 18.05.2026.pdf
2026-05-18,BMCT,BMCT-03,BMCT-03,,,,,,,,,,False,False,Daily Status Report 18.05.2026.pdf
2026-05-18,BMCT,BMCT-04,BMCT-04,,S0318,VIVIEN A,CONTAINER,17-05-2026 22:00,2026-05-17T16:30:00Z,19-05-2026 04:00,2026-05-18T22:30:00Z,30.0000,True,True,Daily Status Report 18.05.2026.pdf
2026-05-18,BMCT,BMCT-05,BMCT-05,,S0364,MSC SIENA,CONTAINER,17-05-2026 12:06,2026-05-17T06:36:00Z,19-05-2026 06:00,2026-05-19T00:30:00Z,41.9000,True,True,Daily Status Report 18.05.2026.pdf
2026-05-18,BMCT,BMCT-06,BMCT-06,,,,,,,,,,False,False,Daily Status Report 18.05.2026.pdf
2026-05-18,BPCL,LB-01,LB-01,,S6263,CORDOBA,EDIBLE OIL,17-05-2026 13:30,2026-05-17T08:00:00Z,19-05-2026 15:00,2026-05-19T09:30:00Z,49.5000,True,True,Daily Status Report 18.05.2026.pdf
2026-05-18,BPCL,LB-02,LB-02,,,,,,,,,,False,False,Daily Status Report 18.05.2026.pdf
2026-05-18,JJLTPL,LB-03,LB-03,,,,,,,,,,False,False,Daily Status Report 18.05.2026.pdf
2026-05-18,JJLTPL,LB-04,LB-04,,S6208,WAWASAN TOPAZ,BASE OIL,15-05-2026 03:36,2026-05-14T22:06:00Z,18-05-2026 08:06,2026-05-18T02:36:00Z,76.5000,True,True,Daily Status Report 18.05.2026.pdf
2026-05-18,NSDT,CCB-N,CCB-N,,R7657,ARHAAN,DREDGER,24-03-2026 17:40,2026-03-24T12:10:00Z,,,,True,False,Daily Status Report 18.05.2026.pdf
2026-05-18,NSDT,CCB-S,CCB-S,,,,,,,,,,False,False,Daily Status Report 18.05.2026.pdf
2026-05-18,NSDT,NSD-02,NSD-02,,S6223,APINYA NAREE,CEMENT,17-05-2026 12:36,2026-05-17T07:06:00Z,20-05-2026 13:00,2026-05-20T07:30:00Z,72.4000,True,True,Daily Status Report 18.05.2026.pdf
2026-05-18,NSDT,NSD-03,NSD-03,,,,,,,,,,False,False,Daily Status Report 18.05.2026.pdf
2026-02-19,NSFT,CB-01,CB01,,R2967,NORDIA,CONTAINER,19-02-2026 08:00,2026-02-19T02:30:00Z,19-02-2026 22:00,2026-02-19T16:30:00Z,14.0000,True,True,Daily Status Report 19.02.2026.pdf
2026-02-19,NSFT,CB-02,CB02,,,,,,,,,,False,False,Daily Status Report 19.02.2026.pdf
2026-02-19,NSICT,CB-04,CB04,,,,,,,,,,False,False,Daily Status Report 19.02.2026.pdf
2026-02-19,NSICT,CB-05,CB05,,R2971,MAERSK KENSINGTON,CONTAINER,19-02-2026 01:12,2026-02-18T19:42:00Z,19-02-2026 17:00,2026-02-19T11:30:00Z,15.8000,True,True,Daily Status Report 19.02.2026.pdf
2026-02-19,NSIGT,CB-06,CB-06,,,,,,,,,,False,False,Daily Status Report 19.02.2026.pdf
2026-02-19,APMT,APMT-01,APMT-01,,R2964,OAKLAND EXPRESS,CONTAINER,19-02-2026 01:18,2026-02-18T19:48:00Z,20-02-2026 12:00,2026-02-20T06:30:00Z,34.7000,True,True,Daily Status Report 19.02.2026.pdf
2026-02-19,APMT,APMT-02,APMT-02,,R2963,PORT KELANG EXPRESS,CONTAINER,18-02-2026 19:24,2026-02-18T13:54:00Z,20-02-2026 07:00,2026-02-20T01:30:00Z,35.6000,True,True,Daily Status Report 19.02.2026.pdf
2026-02-19,BMCT,BMCT-01,BMCT-01,,R3148,LEPTON,CONTAINER,19-02-2026 04:42,2026-02-18T23:12:00Z,19-02-2026 12:00,2026-02-19T06:30:00Z,7.3000,True,True,Daily Status Report 19.02.2026.pdf
2026-02-19,BMCT,BMCT-02,BMCT-02,,R3092,MSC EMANUELA,CONTAINER,19-02-2026 02:36,2026-02-18T21:06:00Z,20-02-2026 14:00,2026-02-20T08:30:00Z,35.4000,True,True,Daily Status Report 19.02.2026.pdf
2026-02-19,BMCT,BMCT-03,BMCT-03,,R3032,KMTC COLOMBO,CONTAINER,18-02-2026 14:24,2026-02-18T08:54:00Z,19-02-2026 22:00,2026-02-19T16:30:00Z,31.6000,True,True,Daily Status Report 19.02.2026.pdf
2026-02-19,BMCT,BMCT-04,BMCT-04,,,,,,,,,,False,False,Daily Status Report 19.02.2026.pdf
2026-02-19,BMCT,BMCT-05,BMCT-05,,,,,,,,,,False,False,Daily Status Report 19.02.2026.pdf
2026-02-19,BPCL,LB-01,LB-01,,R7446,DAWN MADURAI,HSD,18-02-2026 20:18,2026-02-18T14:48:00Z,20-02-2026 00:01,2026-02-19T18:31:00Z,27.7167,True,True,Daily Status Report 19.02.2026.pdf
2026-02-19,BPCL,LB-02,LB-02,,R7460,DAWN HARIDWAR,FUEL OIL [E],18-02-2026 01:12,2026-02-17T19:42:00Z,19-02-2026 10:30,2026-02-19T05:00:00Z,33.3000,True,True,Daily Status Report 19.02.2026.pdf
2026-02-19,JJLTPL,LB-03,LB-03,,R7453,YC PANSY,A.ACID+VAM,18-02-2026 23:54,2026-02-18T18:24:00Z,19-02-2026 14:34,2026-02-19T09:04:00Z,14.6667,True,True,Daily Status Report 19.02.2026.pdf
2026-02-19,JJLTPL,LB-04,LB-04,,R7458,XT FORTUNE,PHOSPHORIC ACID,19-02-2026 01:00,2026-02-18T19:30:00Z,20-02-2026 05:29,2026-02-19T23:59:00Z,28.4833,True,True,Daily Status Report 19.02.2026.pdf
2026-02-19,NSDT,CCB-N,CCB-N,,,,,,,,,,False,False,Daily Status Report 19.02.2026.pdf
2026-02-19,NSDT,CCB-S,CCB-S,,R7430,ADVAITA,CEMENT,17-02-2026 12:18,2026-02-17T06:48:00Z,19-02-2026 13:16,2026-02-19T07:46:00Z,48.9667,True,True,Daily Status Report 19.02.2026.pdf
2026-02-19,NSDT,NSD-02,NSD-02,,R7470,SAEHAN JASPER,A.ACID+TOL,19-02-2026 02:20,2026-02-18T20:50:00Z,20-02-2026 12:13,2026-02-20T06:43:00Z,33.8833,True,True,Daily Status Report 19.02.2026.pdf
2026-02-19,NSDT,NSD-03,NSD-03,,,,,,,,,,False,False,Daily Status Report 19.02.2026.pdf
2026-05-19,NSFT,CB-01,CB01,,S0423,GUO FU MIN QIANG,CONTAINER,19-05-2026 02:00,2026-05-18T20:30:00Z,19-05-2026 18:00,2026-05-19T12:30:00Z,16.0000,True,True,Daily Status Report 19.05.2026.pdf
2026-05-19,NSFT,CB-02,CB02,,S0285,YOKOHAMA STAR,CONTAINER,19-05-2026 01:06,2026-05-18T19:36:00Z,19-05-2026 19:00,2026-05-19T13:30:00Z,17.9000,True,True,Daily Status Report 19.05.2026.pdf
2026-05-19,NSICT,CB-04,CB04,,S0348,SSL GODAVARI,CONTAINER,18-05-2026 20:00,2026-05-18T14:30:00Z,19-05-2026 10:00,2026-05-19T04:30:00Z,14.0000,True,True,Daily Status Report 19.05.2026.pdf
2026-05-19,NSICT,CB-05,CB05,,S0269,REN JIAN 26,CONTAINER,18-05-2026 18:30,2026-05-18T13:00:00Z,19-05-2026 12:00,2026-05-19T06:30:00Z,17.5000,True,True,Daily Status Report 19.05.2026.pdf
2026-05-19,NSIGT,CB-06,CB-06,,,,,,,,,,False,False,Daily Status Report 19.05.2026.pdf
2026-05-19,APMT,APMT-01,APMT-01,,S0500,CAPE SYROS,CONTAINER,18-05-2026 19:00,2026-05-18T13:30:00Z,19-05-2026 10:30,2026-05-19T05:00:00Z,15.5000,True,True,Daily Status Report 19.05.2026.pdf
2026-05-19,APMT,APMT-02,APMT-02,,S0434,HUI FA,CONTAINER,18-05-2026 18:30,2026-05-18T13:00:00Z,19-05-2026 09:00,2026-05-19T03:30:00Z,14.5000,True,True,Daily Status Report 19.05.2026.pdf
2026-05-19,BMCT,BMCT-01,BMCT-01,,S0379,ONE MOTIVATOR,CONTAINER,19-05-2026 02:36,2026-05-18T21:06:00Z,20-05-2026 23:59,2026-05-20T18:29:00Z,45.3833,True,True,Daily Status Report 19.05.2026.pdf
2026-05-19,BMCT,BMCT-02,BMCT-02,,S0380,REN JIAN 19,CONTAINER,18-05-2026 13:06,2026-05-18T07:36:00Z,20-05-2026 22:00,2026-05-20T16:30:00Z,56.9000,True,True,Daily Status Report 19.05.2026.pdf
2026-05-19,BMCT,BMCT-03,BMCT-03,,S0393,VARANYA BHUM,CONTAINER,18-05-2026 14:00,2026-05-18T08:30:00Z,20-05-2026 16:00,2026-05-20T10:30:00Z,50.0000,True,True,Daily Status Report 19.05.2026.pdf
2026-05-19,BMCT,BMCT-04,BMCT-04,,,,,,,,,,False,False,Daily Status Report 19.05.2026.pdf
2026-05-19,BMCT,BMCT-05,BMCT-05,,S0364,MSC SIENA,CONTAINER,17-05-2026 12:06,2026-05-17T06:36:00Z,19-05-2026 11:00,2026-05-19T05:30:00Z,46.9000,True,True,Daily Status Report 19.05.2026.pdf
2026-05-19,BMCT,BMCT-06,BMCT-06,,,,,,,,,,False,False,Daily Status Report 19.05.2026.pdf
2026-05-19,BPCL,LB-01,LB-01,,S6263,CORDOBA,EDIBLE OIL,17-05-2026 13:30,2026-05-17T08:00:00Z,19-05-2026 23:00,2026-05-19T17:30:00Z,57.5000,True,True,Daily Status Report 19.05.2026.pdf
2026-05-19,BPCL,LB-02,LB-02,,S6309,PROSPER,BASE OIL,19-05-2026 01:18,2026-05-18T19:48:00Z,20-05-2026 05:00,2026-05-19T23:30:00Z,27.7000,True,True,Daily Status Report 19.05.2026.pdf
2026-05-19,JJLTPL,LB-03,LB-03,,,,,,,,,,False,False,Daily Status Report 19.05.2026.pdf
2026-05-19,JJLTPL,LB-04,LB-04,,,,,,,,,,False,False,Daily Status Report 19.05.2026.pdf
2026-05-19,NSDT,CCB-N,CCB-N,,R7657,ARHAAN,DREDGER,24-03-2026 17:40,2026-03-24T12:10:00Z,,,,True,False,Daily Status Report 19.05.2026.pdf
2026-05-19,NSDT,CCB-S,CCB-S,,,,,,,,,,False,False,Daily Status Report 19.05.2026.pdf
2026-05-19,NSDT,NSD-02,NSD-02,,S6223,APINYA NAREE,CEMENT,17-05-2026 12:36,2026-05-17T07:06:00Z,20-05-2026 18:00,2026-05-20T12:30:00Z,77.4000,True,True,Daily Status Report 19.05.2026.pdf
2026-05-19,NSDT,NSD-03,NSD-03,,,,,,,,,,False,False,Daily Status Report 19.05.2026.pdf
2026-02-20,NSFT,CB-01,CB01,,,,,,,,,,False,False,Daily Status Report 20.02.2026.pdf
2026-02-20,NSFT,CB-02,CB02,,R3077,GIALOVA,CONTAINER,19-02-2026 20:42,2026-02-19T15:12:00Z,20-02-2026 08:30,2026-02-20T03:00:00Z,11.8000,True,True,Daily Status Report 20.02.2026.pdf
2026-02-20,NSICT,CB-04,CB04,,,,,,,,,,False,False,Daily Status Report 20.02.2026.pdf
2026-02-20,NSICT,CB-05,CB05,,R3008,EVER LYRIC,CONTAINER,20-02-2026 01:12,2026-02-19T19:42:00Z,21-02-2026 09:00,2026-02-21T03:30:00Z,31.8000,True,True,Daily Status Report 20.02.2026.pdf
2026-02-20,NSIGT,CB-06,CB-06,,R3060,WAN HAI 723,CONTAINER,19-02-2026 15:48,2026-02-19T10:18:00Z,20-02-2026 20:00,2026-02-20T14:30:00Z,28.2000,True,True,Daily Status Report 20.02.2026.pdf
2026-02-20,APMT,APMT-01,APMT-01,,R2964,OAKLAND EXPRESS,CONTAINER,19-02-2026 01:18,2026-02-18T19:48:00Z,20-02-2026 13:30,2026-02-20T08:00:00Z,36.2000,True,True,Daily Status Report 20.02.2026.pdf
2026-02-20,APMT,APMT-02,APMT-02,,,,,,,,,,False,False,Daily Status Report 20.02.2026.pdf
2026-02-20,BMCT,BMCT-01,BMCT-01,,R2974,MAERSK ARAS,CONTAINER,19-02-2026 14:42,2026-02-19T09:12:00Z,20-02-2026 18:00,2026-02-20T12:30:00Z,27.3000,True,True,Daily Status Report 20.02.2026.pdf
2026-02-20,BMCT,BMCT-02,BMCT-02,,R3092,MSC EMANUELA,CONTAINER,19-02-2026 02:36,2026-02-18T21:06:00Z,20-02-2026 18:00,2026-02-20T12:30:00Z,39.4000,True,True,Daily Status Report 20.02.2026.pdf
2026-02-20,BMCT,BMCT-03,BMCT-03,,,,,,,,,,False,False,Daily Status Report 20.02.2026.pdf
2026-02-20,BMCT,BMCT-04,BMCT-04,,R2891,TS HONG KONG,CONTAINER,19-02-2026 12:42,2026-02-19T07:12:00Z,20-02-2026 19:00,2026-02-20T13:30:00Z,30.3000,True,True,Daily Status Report 20.02.2026.pdf
2026-02-20,BMCT,BMCT-05,BMCT-05,,,,,,,,,,False,False,Daily Status Report 20.02.2026.pdf
2026-02-20,BPCL,LB-01,LB-01 [NORTH],NORTH,R7471,WAWASAN TOPAZ,N-BUTANOL+A ACID,20-02-2026 07:42,2026-02-20T02:12:00Z,21-02-2026 07:00,2026-02-21T01:30:00Z,23.3000,True,True,Daily Status Report 20.02.2026.pdf
2026-02-20,BPCL,LB-01,LB-01 [SOUTH],SOUTH,,,,,,,,,False,False,Daily Status Report 20.02.2026.pdf
2026-02-20,BPCL,LB-02,LB-02,,R7474,GAS FATE,AMMONIA,19-02-2026 18:30,2026-02-19T13:00:00Z,20-02-2026 23:00,2026-02-20T17:30:00Z,28.5000,True,True,Daily Status Report 20.02.2026.pdf
2026-02-20,JJLTPL,LB-03,LB-03,,,,,,,,,,False,False,Daily Status Report 20.02.2026.pdf
2026-02-20,JJLTPL,LB-04,LB-04,,R7458,XT FORTUNE,PHOSPHORIC ACID,19-02-2026 01:00,2026-02-18T19:30:00Z,20-02-2026 05:29,2026-02-19T23:59:00Z,28.4833,True,True,Daily Status Report 20.02.2026.pdf
2026-02-20,NSDT,CCB-N,CCB-N,,,,,,,,,,False,False,Daily Status Report 20.02.2026.pdf
2026-02-20,NSDT,CCB-S,CCB-S,,R7475,BOONYA NAREE,CEMENT,20-02-2026 01:24,2026-02-19T19:54:00Z,22-02-2026 02:16,2026-02-21T20:46:00Z,48.8667,True,True,Daily Status Report 20.02.2026.pdf
2026-02-20,NSDT,NSD-02,NSD-02,,R7470,SAEHAN JASPER,A.ACID+TOL,19-02-2026 02:20,2026-02-18T20:50:00Z,20-02-2026 20:12,2026-02-20T14:42:00Z,41.8667,True,True,Daily Status Report 20.02.2026.pdf
2026-02-20,NSDT,NSD-03,NSD-03,,R7482,PARTHSHARTHI,STEEL,20-02-2026 01:00,2026-02-19T19:30:00Z,20-02-2026 07:48,2026-02-20T02:18:00Z,6.8000,True,True,Daily Status Report 20.02.2026.pdf
2026-05-20,NSFT,CB-01,CB01,,S0377,ZHONG GU RI ZHAO,CONTAINER,20-05-2026 02:18,2026-05-19T20:48:00Z,20-05-2026 20:00,2026-05-20T14:30:00Z,17.7000,True,True,Daily Status Report 20.05.2026.pdf
2026-05-20,NSFT,CB-02,CB02,,S0466,CSCL NEPTUNE,CONTAINER,20-05-2026 03:06,2026-05-19T21:36:00Z,21-05-2026 07:00,2026-05-21T01:30:00Z,27.9000,True,True,Daily Status Report 20.05.2026.pdf
2026-05-20,NSICT,CB-04,CB04,,,,,,,,,,False,False,Daily Status Report 20.05.2026.pdf
2026-05-20,NSICT,CB-05,CB05,,,,,,,,,,False,False,Daily Status Report 20.05.2026.pdf
2026-05-20,NSIGT,CB-06,CB-06,,S0362,EVER LEARNED,CONTAINER,19-05-2026 14:24,2026-05-19T08:54:00Z,21-05-2026 02:00,2026-05-20T20:30:00Z,35.6000,True,True,Daily Status Report 20.05.2026.pdf
2026-05-20,APMT,APMT-01,APMT-01,,S0358,YM MATURITY,CONTAINER,19-05-2026 14:48,2026-05-19T09:18:00Z,20-05-2026 19:00,2026-05-20T13:30:00Z,28.2000,True,True,Daily Status Report 20.05.2026.pdf
2026-05-20,APMT,APMT-02,APMT-02,,,,,,,,,,False,False,Daily Status Report 20.05.2026.pdf
2026-05-20,BMCT,BMCT-01,BMCT-01,,S0379,ONE MOTIVATOR,CONTAINER,19-05-2026 02:36,2026-05-18T21:06:00Z,20-05-2026 20:00,2026-05-20T14:30:00Z,41.4000,True,True,Daily Status Report 20.05.2026.pdf
2026-05-20,BMCT,BMCT-02,BMCT-02,,S0361,BF HAMBURG,CONTAINER,20-05-2026 01:15,2026-05-19T19:45:00Z,21-05-2026 06:00,2026-05-21T00:30:00Z,28.7500,True,True,Daily Status Report 20.05.2026.pdf
2026-05-20,BMCT,BMCT-03,BMCT-03,,S0393,VARANYA BHUM,CONTAINER,18-05-2026 14:00,2026-05-18T08:30:00Z,20-05-2026 14:00,2026-05-20T08:30:00Z,48.0000,True,True,Daily Status Report 20.05.2026.pdf
2026-05-20,BMCT,BMCT-04,BMCT-04,,S0202,WAN HAI 312,CONTAINER,19-05-2026 18:18,2026-05-19T12:48:00Z,20-05-2026 11:00,2026-05-20T05:30:00Z,16.7000,True,True,Daily Status Report 20.05.2026.pdf
2026-05-20,BMCT,BMCT-05,BMCT-05,,S0493,EUROPE,CONTAINER,19-05-2026 18:00,2026-05-19T12:30:00Z,20-05-2026 14:00,2026-05-20T08:30:00Z,20.0000,True,True,Daily Status Report 20.05.2026.pdf
2026-05-20,BMCT,BMCT-06,BMCT-06,,,,,,,,,,False,False,Daily Status Report 20.05.2026.pdf
2026-05-20,BPCL,LB-01,LB-01,,,,,,,,,,False,False,Daily Status Report 20.05.2026.pdf
2026-05-20,BPCL,LB-02,LB-02,,S6309,PROSPER,BASE OIL,19-05-2026 01:18,2026-05-18T19:48:00Z,20-05-2026 07:30,2026-05-20T02:00:00Z,30.2000,True,True,Daily Status Report 20.05.2026.pdf
2026-05-20,JJLTPL,LB-03,LB-03,,,,,,,,,,False,False,Daily Status Report 20.05.2026.pdf
2026-05-20,JJLTPL,LB-04,LB-04,,S6270,FAIRCHEM MAKO,STYRENE MONOMER,19-05-2026 22:45,2026-05-19T17:15:00Z,20-05-2026 17:28,2026-05-20T11:58:00Z,18.7167,True,True,Daily Status Report 20.05.2026.pdf
2026-05-20,NSDT,CCB-N,CCB-N,,R7657,ARHAAN,DREDGER,24-03-2026 17:40,2026-03-24T12:10:00Z,,,,True,False,Daily Status Report 20.05.2026.pdf
2026-05-20,NSDT,CCB-S,CCB-S,,,,,,,,,,False,False,Daily Status Report 20.05.2026.pdf
2026-05-20,NSDT,NSD-02,NSD-02,,S6223,APINYA NAREE,CEMENT,17-05-2026 12:36,2026-05-17T07:06:00Z,20-05-2026 12:06,2026-05-20T06:36:00Z,71.5000,True,True,Daily Status Report 20.05.2026.pdf
2026-05-20,NSDT,NSD-03,NSD-03,,,,,,,,,,False,False,Daily Status Report 20.05.2026.pdf
2026-02-21,NSFT,CB-01,CB01,,R3069,CMA CGM MAUPASSANT,CONTAINER,21-02-2026 07:18,2026-02-21T01:48:00Z,21-02-2026 22:00,2026-02-21T16:30:00Z,14.7000,True,True,Daily Status Report 21.02.2026.pdf
2026-02-21,NSFT,CB-02,CB02,,,,,,,,,,False,False,Daily Status Report 21.02.2026.pdf
2026-02-21,NSICT,CB-04,CB04,,R3028,KMTC YOKOHAMA,CONTAINER,20-02-2026 08:50,2026-02-20T03:20:00Z,21-02-2026 18:00,2026-02-21T12:30:00Z,33.1667,True,True,Daily Status Report 21.02.2026.pdf
2026-02-21,NSICT,CB-05,CB05,,R3008,EVER LYRIC,CONTAINER,20-02-2026 01:12,2026-02-19T19:42:00Z,21-02-2026 14:00,2026-02-21T08:30:00Z,36.8000,True,True,Daily Status Report 21.02.2026.pdf
2026-02-21,NSIGT,CB-06,CB-06,,R3107,MSC CLEA,CONTAINER,21-02-2026 01:36,2026-02-20T20:06:00Z,21-02-2026 22:00,2026-02-21T16:30:00Z,20.4000,True,True,Daily Status Report 21.02.2026.pdf
2026-02-21,APMT,APMT-01,APMT-01,,R2938,EVER ETHIC,CONTAINER,20-02-2026 20:12,2026-02-20T14:42:00Z,22-02-2026 01:00,2026-02-21T19:30:00Z,28.8000,True,True,Daily Status Report 21.02.2026.pdf
2026-02-21,APMT,APMT-02,APMT-02,,,,,,,,,,False,False,Daily Status Report 21.02.2026.pdf
2026-02-21,BMCT,BMCT-01,BMCT-01,,,,,,,,,,False,False,Daily Status Report 21.02.2026.pdf
2026-02-21,BMCT,BMCT-02,BMCT-02,,,,,,,,,,False,False,Daily Status Report 21.02.2026.pdf
2026-02-21,BMCT,BMCT-03,BMCT-03,,R3089,INTERASIA TRIBUTE,CONTAINER,20-02-2026 18:54,2026-02-20T13:24:00Z,21-02-2026 16:00,2026-02-21T10:30:00Z,21.1000,True,True,Daily Status Report 21.02.2026.pdf
2026-02-21,BMCT,BMCT-04,BMCT-04,,,,,,,,,,False,False,Daily Status Report 21.02.2026.pdf
2026-02-21,BMCT,BMCT-05,BMCT-05,,R3021,TURKON EGYPT,CONTAINER,20-02-2026 19:35,2026-02-20T14:05:00Z,21-02-2026 17:00,2026-02-21T11:30:00Z,21.4167,True,True,Daily Status Report 21.02.2026.pdf
2026-02-21,BPCL,LB-01,LB-01 [NORTH],NORTH,R7471,WAWASAN TOPAZ,N-BUTANOL+A ACID,20-02-2026 07:42,2026-02-20T02:12:00Z,21-02-2026 09:30,2026-02-21T04:00:00Z,25.8000,True,True,Daily Status Report 21.02.2026.pdf
2026-02-21,BPCL,LB-01,LB-01 [SOUTH],SOUTH,R7455,HIMALIA,EDIBLE OIL,20-02-2026 09:48,2026-02-20T04:18:00Z,22-02-2026 07:00,2026-02-22T01:30:00Z,45.2000,True,True,Daily Status Report 21.02.2026.pdf
2026-02-21,BPCL,LB-02,LB-02,,,,,,,,,,False,False,Daily Status Report 21.02.2026.pdf
2026-02-21,JJLTPL,LB-03,LB-03,,,,,,,,,,False,False,Daily Status Report 21.02.2026.pdf
2026-02-21,JJLTPL,LB-04,LB-04,,,,,,,,,,False,False,Daily Status Report 21.02.2026.pdf
2026-02-21,NSDT,CCB-N,CCB-N,,,,,,,,,,False,False,Daily Status Report 21.02.2026.pdf
2026-02-21,NSDT,CCB-S,CCB-S,,R7475,BOONYA NAREE,CEMENT,20-02-2026 01:24,2026-02-19T19:54:00Z,22-02-2026 10:18,2026-02-22T04:48:00Z,56.9000,True,True,Daily Status Report 21.02.2026.pdf
2026-02-21,NSDT,NSD-02,NSD-02,,R7470,SAEHAN JASPER,ACETIC ACID,19-02-2026 02:20,2026-02-18T20:50:00Z,21-02-2026 01:45,2026-02-20T20:15:00Z,47.4167,True,True,Daily Status Report 21.02.2026.pdf
2026-02-21,NSDT,NSD-03,NSD-03,,,,,,,,,,False,False,Daily Status Report 21.02.2026.pdf
2026-05-21,NSFT,CB-01,CB01,,,,,,,,,,False,False,Daily Status Report 21.05.2026.pdf
2026-05-21,NSFT,CB-02,CB02,,S0466,CSCL NEPTUNE,CONTAINER,20-05-2026 03:06,2026-05-19T21:36:00Z,21-05-2026 14:00,2026-05-21T08:30:00Z,34.9000,True,True,Daily Status Report 21.05.2026.pdf
2026-05-21,NSICT,CB-04,CB04,,S0327,ZHONG GU HANG ZHOU,CONTAINER,20-05-2026 09:30,2026-05-20T04:00:00Z,21-05-2026 18:00,2026-05-21T12:30:00Z,32.5000,True,True,Daily Status Report 21.05.2026.pdf
2026-05-21,NSICT,CB-05,CB05,,S0352,CMA CGM MASAI MARA,CONTAINER,20-05-2026 09:12,2026-05-20T03:42:00Z,21-05-2026 18:00,2026-05-21T12:30:00Z,32.8000,True,True,Daily Status Report 21.05.2026.pdf
2026-05-21,NSIGT,CB-06,CB-06,,S0323,MELBOURNE BRIDGE,CONTAINER,21-05-2026 04:30,2026-05-20T23:00:00Z,22-05-2026 10:00,2026-05-22T04:30:00Z,29.5000,True,True,Daily Status Report 21.05.2026.pdf
2026-05-21,APMT,APMT-01,APMT-01,,,,,,,,,,False,False,Daily Status Report 21.05.2026.pdf
2026-05-21,APMT,APMT-02,APMT-02,,S0435,SEASPAN BRISBANE,CONTAINER,21-05-2026 01:18,2026-05-20T19:48:00Z,21-05-2026 21:00,2026-05-21T15:30:00Z,19.7000,True,True,Daily Status Report 21.05.2026.pdf
2026-05-21,BMCT,BMCT-01,BMCT-01,,S0365,PAPU,CONTAINER,20-05-2026 19:00,2026-05-20T13:30:00Z,21-05-2026 18:00,2026-05-21T12:30:00Z,23.0000,True,True,Daily Status Report 21.05.2026.pdf
2026-05-21,BMCT,BMCT-02,BMCT-02,,S0361,BF HAMBURG,CONTAINER,20-05-2026 01:15,2026-05-19T19:45:00Z,21-05-2026 11:00,2026-05-21T05:30:00Z,33.7500,True,True,Daily Status Report 21.05.2026.pdf
2026-05-21,BMCT,BMCT-03,BMCT-03,,S0179,XIN HAI KOU,CONTAINER,20-05-2026 18:30,2026-05-20T13:00:00Z,21-05-2026 13:00,2026-05-21T07:30:00Z,18.5000,True,True,Daily Status Report 21.05.2026.pdf
2026-05-21,BMCT,BMCT-04,BMCT-04,,S0234,SSF DYNAMIC,CONTAINER,20-05-2026 18:06,2026-05-20T12:36:00Z,21-05-2026 13:00,2026-05-21T07:30:00Z,18.9000,True,True,Daily Status Report 21.05.2026.pdf
2026-05-21,BMCT,BMCT-05,BMCT-05,,S0419,MSC MELISSA,CONTAINER,20-05-2026 17:48,2026-05-20T12:18:00Z,21-05-2026 20:00,2026-05-21T14:30:00Z,26.2000,True,True,Daily Status Report 21.05.2026.pdf
2026-05-21,BMCT,BMCT-06,BMCT-06,,,,,,,,,,False,False,Daily Status Report 21.05.2026.pdf
2026-05-21,BPCL,LB-01,LB-01,,S6287,SEACONGER,EDIBLE OIL,20-05-2026 08:36,2026-05-20T03:06:00Z,21-05-2026 17:00,2026-05-21T11:30:00Z,32.4000,True,True,Daily Status Report 21.05.2026.pdf
2026-05-21,BPCL,LB-02,LB-02,,S6276,MARITIME KELLY ANNE,RKO [E],20-05-2026 16:12,2026-05-20T10:42:00Z,22-05-2026 01:00,2026-05-21T19:30:00Z,32.8000,True,True,Daily Status Report 21.05.2026.pdf
2026-05-21,JJLTPL,LB-03,LB-03,,S6268,SC TAURAS,BASE OIL,20-05-2026 17:12,2026-05-20T11:42:00Z,21-05-2026 15:10,2026-05-21T09:40:00Z,21.9667,True,True,Daily Status Report 21.05.2026.pdf
2026-05-21,JJLTPL,LB-04,LB-04,,S6322,EVA HONGKONG,SM,21-05-2026 02:30,2026-05-20T21:00:00Z,21-05-2026 12:08,2026-05-21T06:38:00Z,9.6333,True,True,Daily Status Report 21.05.2026.pdf
2026-05-21,NSDT,CCB-N,CCB-N,,R7657,ARHAAN,DREDGER,24-03-2026 17:40,2026-03-24T12:10:00Z,,,,True,False,Daily Status Report 21.05.2026.pdf
2026-05-21,NSDT,CCB-S,CCB-S,,S6281,ADVAITA,CEMENT,20-05-2026 15:12,2026-05-20T09:42:00Z,23-05-2026 08:12,2026-05-23T02:42:00Z,65.0000,True,True,Daily Status Report 21.05.2026.pdf
2026-05-21,NSDT,NSD-02,NSD-02,,S6275,NORSE LOLLAND,STEEL COIL,20-05-2026 22:00,2026-05-20T16:30:00Z,22-05-2026 02:00,2026-05-21T20:30:00Z,28.0000,True,True,Daily Status Report 21.05.2026.pdf
2026-05-21,NSDT,NSD-03,NSD-03,,S6320,PARTHSHARTHI,STEEL COIL,21-05-2026 08:18,2026-05-21T02:48:00Z,21-05-2026 14:18,2026-05-21T08:48:00Z,6.0000,True,True,Daily Status Report 21.05.2026.pdf
2026-02-22,NSFT,CB-01,CB01,,,,,,,,,,False,False,Daily Status Report 22.02.2026.pdf
2026-02-22,NSFT,CB-02,CB02,,R3075,SPIL CITRA,CONTAINER,21-02-2026 22:18,2026-02-21T16:48:00Z,22-02-2026 10:00,2026-02-22T04:30:00Z,11.7000,True,True,Daily Status Report 22.02.2026.pdf
2026-02-22,NSICT,CB-04,CB04,,R3054,TB JINJIANG,CONTAINER,22-02-2026 02:20,2026-02-21T20:50:00Z,22-02-2026 18:00,2026-02-22T12:30:00Z,15.6667,True,True,Daily Status Report 22.02.2026.pdf
2026-02-22,NSICT,CB-05,CB05,,R3082,MSC MAUREEN,CONTAINER,21-02-2026 16:30,2026-02-21T11:00:00Z,22-02-2026 10:00,2026-02-22T04:30:00Z,17.5000,True,True,Daily Status Report 22.02.2026.pdf
2026-02-22,NSIGT,CB-06,CB-06,,R2999,SEATTLE EXPRESS,CONTAINER,22-02-2026 02:36,2026-02-21T21:06:00Z,23-02-2026 02:00,2026-02-22T20:30:00Z,23.4000,True,True,Daily Status Report 22.02.2026.pdf
2026-02-22,APMT,APMT-01,APMT-01,,R2970,ALEXANDRA MAERSK,CONTAINER,22-02-2026 03:00,2026-02-21T21:30:00Z,23-02-2026 03:30,2026-02-22T22:00:00Z,24.5000,True,True,Daily Status Report 22.02.2026.pdf
2026-02-22,APMT,APMT-02,APMT-02,,R3027,CAP ANDREAS,CONTAINER,21-02-2026 08:48,2026-02-21T03:18:00Z,22-02-2026 11:00,2026-02-22T05:30:00Z,26.2000,True,True,Daily Status Report 22.02.2026.pdf
2026-02-22,BMCT,BMCT-01,BMCT-01,,,,,,,,,,False,False,Daily Status Report 22.02.2026.pdf
2026-02-22,BMCT,BMCT-02,BMCT-02,,R3076,SSF LEO,CONTAINER,21-02-2026 19:42,2026-02-21T14:12:00Z,23-02-2026 10:30,2026-02-23T05:00:00Z,38.8000,True,True,Daily Status Report 22.02.2026.pdf
2026-02-22,BMCT,BMCT-03,BMCT-03,,,,,,,,,,False,False,Daily Status Report 22.02.2026.pdf
2026-02-22,BMCT,BMCT-04,BMCT-04,,,,,,,,,,False,False,Daily Status Report 22.02.2026.pdf
2026-02-22,BMCT,BMCT-05,BMCT-05,,,,,,,,,,False,False,Daily Status Report 22.02.2026.pdf
2026-02-22,BPCL,LB-01,LB-01 [SOUTH],SOUTH,R7455,HIMALIA,EDIBLE OIL,20-02-2026 09:48,2026-02-20T04:18:00Z,22-02-2026 08:36,2026-02-22T03:06:00Z,46.8000,True,True,Daily Status Report 22.02.2026.pdf
2026-02-22,BPCL,LB-02,LB-02,,R7476,GINGA THRESHER,BASE OIL,21-02-2026 10:00,2026-02-21T04:30:00Z,22-02-2026 18:00,2026-02-22T12:30:00Z,32.0000,True,True,Daily Status Report 22.02.2026.pdf
2026-02-22,JJLTPL,LB-03,LB-03,,R7459,START,EDIBLE OIL,22-02-2026 07:36,2026-02-22T02:06:00Z,23-02-2026 23:00,2026-02-23T17:30:00Z,39.4000,True,True,Daily Status Report 22.02.2026.pdf
2026-02-22,JJLTPL,LB-04,LB-04,,,,,,,,,,False,False,Daily Status Report 22.02.2026.pdf
2026-02-22,NSDT,CCB-N,CCB-N,,,,,,,,,,False,False,Daily Status Report 22.02.2026.pdf
2026-02-22,NSDT,CCB-S,CCB-S,,R7475,BOONYA NAREE,CEMENT,20-02-2026 01:24,2026-02-19T19:54:00Z,22-02-2026 13:47,2026-02-22T08:17:00Z,60.3833,True,True,Daily Status Report 22.02.2026.pdf
2026-02-22,NSDT,NSD-02,NSD-02,,R3140,SERRANO,CONTAINER,22-02-2026 03:15,2026-02-21T21:45:00Z,22-02-2026 23:40,2026-02-22T18:10:00Z,20.4167,True,True,Daily Status Report 22.02.2026.pdf
2026-02-22,NSDT,NSD-03,NSD-03,,,,,,,,,,False,False,Daily Status Report 22.02.2026.pdf
2026-05-22,NSFT,CB-01,CB01,,,,,,,,,,False,False,Daily Status Report 22.05.2026.pdf
2026-05-22,NSFT,CB-02,CB02,,S0383,CMA CGM MEDEA,CONTAINER,21-05-2026 23:36,2026-05-21T18:06:00Z,22-05-2026 19:00,2026-05-22T13:30:00Z,19.4000,True,True,Daily Status Report 22.05.2026.pdf
2026-05-22,NSICT,CB-04,CB04,,S0372,MARSA ZENITH,CONTAINER,22-05-2026 05:06,2026-05-21T23:36:00Z,22-05-2026 19:00,2026-05-22T13:30:00Z,13.9000,True,True,Daily Status Report 22.05.2026.pdf
2026-05-22,NSICT,CB-05,CB05,,S0267,GSL MELINA,CONTAINER,22-05-2026 01:12,2026-05-21T19:42:00Z,22-05-2026 17:00,2026-05-22T11:30:00Z,15.8000,True,True,Daily Status Report 22.05.2026.pdf
2026-05-22,NSIGT,CB-06,CB-06,,S0323,MELBOURNE BRIDGE,CONTAINER,21-05-2026 04:30,2026-05-20T23:00:00Z,22-05-2026 07:30,2026-05-22T02:00:00Z,27.0000,True,True,Daily Status Report 22.05.2026.pdf
2026-05-22,APMT,APMT-01,APMT-01,,S0363,OAKLAND EXPRESS,CONTAINER,21-05-2026 15:36,2026-05-21T10:06:00Z,23-05-2026 01:00,2026-05-22T19:30:00Z,33.4000,True,True,Daily Status Report 22.05.2026.pdf
2026-05-22,APMT,APMT-02,APMT-02,,S0395,XPRESS CASSIOPEIA,CONTAINER,22-05-2026 06:42,2026-05-22T01:12:00Z,23-05-2026 09:00,2026-05-23T03:30:00Z,26.3000,True,True,Daily Status Report 22.05.2026.pdf
2026-05-22,BMCT,BMCT-01,BMCT-01,,S0430,OSHAIRIJ,CONTAINER,21-05-2026 23:30,2026-05-21T18:00:00Z,22-05-2026 13:00,2026-05-22T07:30:00Z,13.5000,True,True,Daily Status Report 22.05.2026.pdf
2026-05-22,BMCT,BMCT-02,BMCT-02,,S0338,MAERSK KENSINGTON,CONTAINER,21-05-2026 18:18,2026-05-21T12:48:00Z,23-05-2026 01:00,2026-05-22T19:30:00Z,30.7000,True,True,Daily Status Report 22.05.2026.pdf
2026-05-22,BMCT,BMCT-03,BMCT-03,,S0371,ESL WASL,CONTAINER,21-05-2026 21:00,2026-05-21T15:30:00Z,23-05-2026 15:00,2026-05-23T09:30:00Z,42.0000,True,True,Daily Status Report 22.05.2026.pdf
2026-05-22,BMCT,BMCT-04,BMCT-04,,S0301,GFS GISELLE,CONTAINER,21-05-2026 21:30,2026-05-21T16:00:00Z,23-05-2026 10:00,2026-05-23T04:30:00Z,36.5000,True,True,Daily Status Report 22.05.2026.pdf
2026-05-22,BMCT,BMCT-05,BMCT-05,,S0516,MSC PRATITI,CONTAINER,22-05-2026 00:54,2026-05-21T19:24:00Z,22-05-2026 13:00,2026-05-22T07:30:00Z,12.1000,True,True,Daily Status Report 22.05.2026.pdf
2026-05-22,BMCT,BMCT-06,BMCT-06,,,,,,,,,,False,False,Daily Status Report 22.05.2026.pdf
2026-05-22,BPCL,LB-01,LB-01,,S6280,BOW AGATHE,EDIBLE OIL,22-05-2026 02:18,2026-05-21T20:48:00Z,23-05-2026 06:00,2026-05-23T00:30:00Z,27.7000,True,True,Daily Status Report 22.05.2026.pdf
2026-05-22,BPCL,LB-02,LB-02,,,,,,,,,,False,False,Daily Status Report 22.05.2026.pdf
2026-05-22,JJLTPL,LB-03,LB-03,,,,,,,,,,False,False,Daily Status Report 22.05.2026.pdf
2026-05-22,JJLTPL,LB-04,LB-04,,,,,,,,,,False,False,Daily Status Report 22.05.2026.pdf
2026-05-22,NSDT,CCB-N,CCB-N,,R7657,ARHAAN,DREDGER,24-03-2026 17:40,2026-03-24T12:10:00Z,,,,True,False,Daily Status Report 22.05.2026.pdf
2026-05-22,NSDT,CCB-S,CCB-S,,S6281,ADVAITA,CEMENT,20-05-2026 15:12,2026-05-20T09:42:00Z,23-05-2026 08:12,2026-05-23T02:42:00Z,65.0000,True,True,Daily Status Report 22.05.2026.pdf
2026-05-22,NSDT,NSD-02,NSD-02,,S6275,NORSE LOLLAND,STEEL COIL,20-05-2026 22:00,2026-05-20T16:30:00Z,22-05-2026 16:00,2026-05-22T10:30:00Z,42.0000,True,True,Daily Status Report 22.05.2026.pdf
2026-05-22,NSDT,NSD-03,NSD-03,,S6321,COASTAL AMIGO,STEEL COIL,21-05-2026 22:18,2026-05-21T16:48:00Z,22-05-2026 08:40,2026-05-22T03:10:00Z,10.3667,True,True,Daily Status Report 22.05.2026.pdf
2026-02-23,NSFT,CB-01,CB01,,,,,,,,,,False,False,Daily Status Report 23.02.2026.pdf
2026-02-23,NSFT,CB-02,CB02,,,,,,,,,,False,False,Daily Status Report 23.02.2026.pdf
2026-02-23,NSICT,CB-04,CB04,,R2965,CELSIUS EDINBURGH,CONTAINER,23-02-2026 00:36,2026-02-22T19:06:00Z,23-02-2026 14:00,2026-02-23T08:30:00Z,13.4000,True,True,Daily Status Report 23.02.2026.pdf
2026-02-23,NSICT,CB-05,CB05,,R3052,ESL DACHAN BAY,CONTAINER,23-02-2026 03:12,2026-02-22T21:42:00Z,24-02-2026 09:00,2026-02-24T03:30:00Z,29.8000,True,True,Daily Status Report 23.02.2026.pdf
2026-02-23,NSIGT,CB-06,CB-06,,R2969,MARATHOPOLIS,CONTAINER,23-02-2026 06:00,2026-02-23T00:30:00Z,23-02-2026 23:00,2026-02-23T17:30:00Z,17.0000,True,True,Daily Status Report 23.02.2026.pdf
2026-02-23,APMT,APMT-01,APMT-01,,R2970,ALEXANDRA MAERSK,CONTAINER,22-02-2026 03:00,2026-02-21T21:30:00Z,23-02-2026 11:30,2026-02-23T06:00:00Z,32.5000,True,True,Daily Status Report 23.02.2026.pdf
2026-02-23,APMT,APMT-02,APMT-02,,R3074,CARL SCHULTE,CONTAINER,22-02-2026 13:42,2026-02-22T08:12:00Z,23-02-2026 11:30,2026-02-23T06:00:00Z,21.8000,True,True,Daily Status Report 23.02.2026.pdf
2026-02-23,BMCT,BMCT-01,BMCT-01,,R3087,SEASPAN BEAUTY,CONTAINER,23-02-2026 03:06,2026-02-22T21:36:00Z,23-02-2026 23:00,2026-02-23T17:30:00Z,19.9000,True,True,Daily Status Report 23.02.2026.pdf
2026-02-23,BMCT,BMCT-02,BMCT-02,,,,,,,,,,False,False,Daily Status Report 23.02.2026.pdf
2026-02-23,BMCT,BMCT-03,BMCT-03,,,,,,,,,,False,False,Daily Status Report 23.02.2026.pdf
2026-02-23,BMCT,BMCT-04,BMCT-04,,R3094,HAIAN ZETA,CONTAINER,23-02-2026 02:30,2026-02-22T21:00:00Z,23-02-2026 20:00,2026-02-23T14:30:00Z,17.5000,True,True,Daily Status Report 23.02.2026.pdf
2026-02-23,BMCT,BMCT-05,BMCT-05,,R3049,BEIJING BRIDGE,CONTAINER,23-02-2026 01:48,2026-02-22T20:18:00Z,23-02-2026 18:00,2026-02-23T12:30:00Z,16.2000,True,True,Daily Status Report 23.02.2026.pdf
2026-02-23,BPCL,LB-01,LB-01,,R7469,GREEN ASHA,LPG,22-02-2026 22:48,2026-02-22T17:18:00Z,24-02-2026 19:00,2026-02-24T13:30:00Z,44.2000,True,True,Daily Status Report 23.02.2026.pdf
2026-02-23,BPCL,LB-02,LB-02,,,,,,,,,,False,False,Daily Status Report 23.02.2026.pdf
2026-02-23,JJLTPL,LB-03,LB-03,,R7459,START,EDIBLE OIL,22-02-2026 07:36,2026-02-22T02:06:00Z,24-02-2026 00:45,2026-02-23T19:15:00Z,41.1500,True,True,Daily Status Report 23.02.2026.pdf
2026-02-23,JJLTPL,LB-04,LB-04,,,,,,,,,,False,False,Daily Status Report 23.02.2026.pdf
2026-02-23,NSDT,CCB-N,CCB-N,,,,,,,,,,False,False,Daily Status Report 23.02.2026.pdf
2026-02-23,NSDT,CCB-S,CCB-S,,,,,,,,,,False,False,Daily Status Report 23.02.2026.pdf
2026-02-23,NSDT,NSD-02,NSD-02,,R3140,SERRANO,CONTAINER,22-02-2026 03:15,2026-02-21T21:45:00Z,23-02-2026 05:55,2026-02-23T00:25:00Z,26.6667,True,True,Daily Status Report 23.02.2026.pdf
2026-02-23,NSDT,NSD-03,NSD-03,,,,,,,,,,False,False,Daily Status Report 23.02.2026.pdf
2026-05-23,NSFT,CB-01,CB01,,,,,,,,,,False,False,Daily Status Report 23.05.2026.pdf
2026-05-23,NSFT,CB-02,CB02,,S0396,HENG HUI 5,CONTAINER,23-05-2026 00:24,2026-05-22T18:54:00Z,23-05-2026 19:00,2026-05-23T13:30:00Z,18.6000,True,True,Daily Status Report 23.05.2026.pdf
2026-05-23,NSICT,CB-04,CB04,,S0251,HUI FENG HAI,CONTAINER,22-05-2026 22:54,2026-05-22T17:24:00Z,23-05-2026 16:00,2026-05-23T10:30:00Z,17.1000,True,True,Daily Status Report 23.05.2026.pdf
2026-05-23,NSICT,CB-05,CB05,,S0397,ONE THESEUS,CONTAINER,22-05-2026 18:18,2026-05-22T12:48:00Z,24-05-2026 01:00,2026-05-23T19:30:00Z,30.7000,True,True,Daily Status Report 23.05.2026.pdf
2026-05-23,NSIGT,CB-06,CB-06,,S0400,WAN HAI 723,CONTAINER,22-05-2026 14:36,2026-05-22T09:06:00Z,23-05-2026 20:00,2026-05-23T14:30:00Z,29.4000,True,True,Daily Status Report 23.05.2026.pdf
2026-05-23,APMT,APMT-01,APMT-01,,S0268,GSL GRANIA,CONTAINER,23-05-2026 03:48,2026-05-22T22:18:00Z,23-05-2026 16:00,2026-05-23T10:30:00Z,12.2000,True,True,Daily Status Report 23.05.2026.pdf
2026-05-23,APMT,APMT-02,APMT-02,,S0395,XPRESS CASSIOPEIA,CONTAINER,22-05-2026 06:42,2026-05-22T01:12:00Z,23-05-2026 09:00,2026-05-23T03:30:00Z,26.3000,True,True,Daily Status Report 23.05.2026.pdf
2026-05-23,BMCT,BMCT-01,BMCT01,,S0388,CELSIUS EINDHOVEN,CONTAINER,22-05-2026 17:12,2026-05-22T11:42:00Z,24-05-2026 11:00,2026-05-24T05:30:00Z,41.8000,True,True,Daily Status Report 23.05.2026.pdf
2026-05-23,BMCT,BMCT-02,BMCT02,,S0338,MAERSK KENSINGTON,CONTAINER,21-05-2026 18:18,2026-05-21T12:48:00Z,23-05-2026 01:00,2026-05-22T19:30:00Z,30.7000,True,True,Daily Status Report 23.05.2026.pdf
2026-05-23,BMCT,BMCT-03,BMCT03,,S0371,ESL WASL,CONTAINER,21-05-2026 21:00,2026-05-21T15:30:00Z,23-05-2026 15:00,2026-05-23T09:30:00Z,42.0000,True,True,Daily Status Report 23.05.2026.pdf
2026-05-23,BMCT,BMCT-04,BMCT04,,S0301,GFS GISELLE,CONTAINER,21-05-2026 21:30,2026-05-21T16:00:00Z,23-05-2026 10:00,2026-05-23T04:30:00Z,36.5000,True,True,Daily Status Report 23.05.2026.pdf
2026-05-23,BMCT,BMCT-05,BMCT05,,S0502,MSC MARIANNA,CONTAINER,22-05-2026 18:42,2026-05-22T13:12:00Z,23-05-2026 22:00,2026-05-23T16:30:00Z,27.3000,True,True,Daily Status Report 23.05.2026.pdf
2026-05-23,BPCL,LB-01,LB-01,,S6280,BOW AGATHE,EDIBLE OIL,22-05-2026 02:18,2026-05-21T20:48:00Z,23-05-2026 07:06,2026-05-23T01:36:00Z,28.8000,True,True,Daily Status Report 23.05.2026.pdf
2026-05-23,BPCL,LB-02,LB-02,,S6279,EDGE GALAXY,BASE OIL,22-05-2026 22:00,2026-05-22T16:30:00Z,24-05-2026 10:00,2026-05-24T04:30:00Z,36.0000,True,True,Daily Status Report 23.05.2026.pdf
2026-05-23,JJLTPL,LB-03,LB-03,,,,,,,,,,False,False,Daily Status Report 23.05.2026.pdf
2026-05-23,JJLTPL,LB-04,LB-04,,,,,,,,,,False,False,Daily Status Report 23.05.2026.pdf
2026-05-23,NSDT,CCB-N,CCB-N,,R7657,ARHAAN,DREDGER,24-03-2026 17:40,2026-03-24T12:10:00Z,,,,True,False,Daily Status Report 23.05.2026.pdf
2026-05-23,NSDT,CCB-S,CCB-S,,,,,,,,,,False,False,Daily Status Report 23.05.2026.pdf
2026-05-23,NSDT,NSD-02,NSD-02,,S6292,AMNS TUFMAX,STEEL COIL,23-05-2026 00:06,2026-05-22T18:36:00Z,23-05-2026 16:06,2026-05-23T10:36:00Z,16.0000,True,True,Daily Status Report 23.05.2026.pdf
2026-05-23,NSDT,NSD-03,NSD-03,,,,,,,,,,False,False,Daily Status Report 23.05.2026.pdf
2026-02-24,NSFT,CB-01,CB01,,R3010,CMA CGM MOZART,CONTAINER,24-02-2026 00:48,2026-02-23T19:18:00Z,24-02-2026 11:00,2026-02-24T05:30:00Z,10.2000,True,True,Daily Status Report 24.02.2026.pdf
2026-02-24,NSFT,CB-02,CB02,,R3111,BRIGHT,CONTAINER,24-02-2026 06:48,2026-02-24T01:18:00Z,24-02-2026 19:30,2026-02-24T14:00:00Z,12.7000,True,True,Daily Status Report 24.02.2026.pdf
2026-02-24,NSICT,CB-04,CB04,,R3103,WAN HAI 501,CONTAINER,23-02-2026 18:18,2026-02-23T12:48:00Z,24-02-2026 19:00,2026-02-24T13:30:00Z,24.7000,True,True,Daily Status Report 24.02.2026.pdf
2026-02-24,NSICT,CB-05,CB05,,R3052,ESL DACHAN BAY,CONTAINER,23-02-2026 03:12,2026-02-22T21:42:00Z,24-02-2026 10:00,2026-02-24T04:30:00Z,30.8000,True,True,Daily Status Report 24.02.2026.pdf
2026-02-24,NSIGT,CB-06,CB-06,,R3112,HELLA,CONTAINER,24-02-2026 03:18,2026-02-23T21:48:00Z,24-02-2026 22:00,2026-02-24T16:30:00Z,18.7000,True,True,Daily Status Report 24.02.2026.pdf
2026-02-24,APMT,APMT-01,APMT-01,,R3040,HERTA,CONTAINER,23-02-2026 13:54,2026-02-23T08:24:00Z,24-02-2026 15:00,2026-02-24T09:30:00Z,25.1000,True,True,Daily Status Report 24.02.2026.pdf
2026-02-24,APMT,APMT-02,APMT-02,,R3097,EVERLASTING GRACE,CONTAINER,23-02-2026 22:48,2026-02-23T17:18:00Z,24-02-2026 18:00,2026-02-24T12:30:00Z,19.2000,True,True,Daily Status Report 24.02.2026.pdf
2026-02-24,BMCT,BMCT-01,BMCT-01,,R3119,FOLK DAMMAM,CONTAINER,23-02-2026 23:18,2026-02-23T17:48:00Z,24-02-2026 09:00,2026-02-24T03:30:00Z,9.7000,True,True,Daily Status Report 24.02.2026.pdf
2026-02-24,BMCT,BMCT-02,BMCT-02,,,,,,,,,,False,False,Daily Status Report 24.02.2026.pdf
2026-02-24,BMCT,BMCT-03,BMCT-03,,R3155,ABRAO COCHIN,CONTAINER,23-02-2026 14:42,2026-02-23T09:12:00Z,24-02-2026 11:00,2026-02-24T05:30:00Z,20.3000,True,True,Daily Status Report 24.02.2026.pdf
2026-02-24,BMCT,BMCT-04,BMCT-04,,R3081,MSC SAVANNAH,CONTAINER,24-02-2026 02:54,2026-02-23T21:24:00Z,25-02-2026 09:00,2026-02-25T03:30:00Z,30.1000,True,True,Daily Status Report 24.02.2026.pdf
2026-02-24,BMCT,BMCT-05,BMCT-05,,R3049,BEIJING BRIDGE,CONTAINER,23-02-2026 01:48,2026-02-22T20:18:00Z,25-02-2026 01:48,2026-02-24T20:18:00Z,48.0000,True,True,Daily Status Report 24.02.2026.pdf
2026-02-24,BPCL,LB-01,LB-01,,R7469,GREEN ASHA,LPG,22-02-2026 22:48,2026-02-22T17:18:00Z,24-02-2026 22:00,2026-02-24T16:30:00Z,47.2000,True,True,Daily Status Report 24.02.2026.pdf
2026-02-24,BPCL,LB-02,LB-02,,R7491,MISTRAL EXPLORER,IPA+MDC,23-02-2026 19:24,2026-02-23T13:54:00Z,24-02-2026 08:36,2026-02-24T03:06:00Z,13.2000,True,True,Daily Status Report 24.02.2026.pdf
2026-02-24,JJLTPL,LB-03,LB-03,,,,,,,,,,False,False,Daily Status Report 24.02.2026.pdf
2026-02-24,JJLTPL,LB-04,LB-04,,R7467,CHEMROAD QUEEN,EDIBLE OIL,23-02-2026 23:54,2026-02-23T18:24:00Z,25-02-2026 07:31,2026-02-25T02:01:00Z,31.6167,True,True,Daily Status Report 24.02.2026.pdf
2026-02-24,NSDT,CCB-N,CCB-N,,,,,,,,,,False,False,Daily Status Report 24.02.2026.pdf
2026-02-24,NSDT,CCB-S,CCB-S,,R7490,DANAYA NAREE,CEMENT,23-02-2026 14:54,2026-02-23T09:24:00Z,25-02-2026 23:36,2026-02-25T18:06:00Z,56.7000,True,True,Daily Status Report 24.02.2026.pdf
2026-02-24,NSDT,NSD-02,NSD-02,,R7494,SHIV SHAMBHU,STEEL,24-02-2026 03:45,2026-02-23T22:15:00Z,24-02-2026 12:20,2026-02-24T06:50:00Z,8.5833,True,True,Daily Status Report 24.02.2026.pdf
2026-02-24,NSDT,NSD-03,NSD-03,,,,,,,,,,False,False,Daily Status Report 24.02.2026.pdf
2026-05-24,NSFT,CB-01,CB01,,S0508,AN YANG,CONTAINER,24-05-2026 01:48,2026-05-23T20:18:00Z,24-05-2026 19:00,2026-05-24T13:30:00Z,17.2000,True,True,Daily Status Report 24.05.2026.pdf
2026-05-24,NSFT,CB-02,CB02,,S0342,WADI DUKA,CONTAINER,23-05-2026 23:18,2026-05-23T17:48:00Z,24-05-2026 18:00,2026-05-24T12:30:00Z,18.7000,True,True,Daily Status Report 24.05.2026.pdf
2026-05-24,NSICT,CB-04,CB04,,S0416,CMA CGM ZANZIBAR,CONTAINER,23-05-2026 20:30,2026-05-23T15:00:00Z,24-05-2026 12:00,2026-05-24T06:30:00Z,15.5000,True,True,Daily Status Report 24.05.2026.pdf
2026-05-24,NSICT,CB-05,CB05,,,,,,,,,,False,False,Daily Status Report 24.05.2026.pdf
2026-05-24,NSIGT,CB-06,CB-06,,S0506,FOS EXPRESS,CONTAINER,23-05-2026 23:54,2026-05-23T18:24:00Z,24-05-2026 07:30,2026-05-24T02:00:00Z,7.6000,True,True,Daily Status Report 24.05.2026.pdf
2026-05-24,APMT,APMT-01,APMT-01,,S0277,STRATFORD,CONTAINER,24-05-2026 01:30,2026-05-23T20:00:00Z,25-05-2026 12:30,2026-05-25T07:00:00Z,35.0000,True,True,Daily Status Report 24.05.2026.pdf
2026-05-24,APMT,APMT-02,APMT-02,,S0387,JIRA BHUM,CONTAINER,23-05-2026 15:42,2026-05-23T10:12:00Z,24-05-2026 23:30,2026-05-24T18:00:00Z,31.8000,True,True,Daily Status Report 24.05.2026.pdf
2026-05-24,BMCT,BMCT-01,BMCT-01,,S0388,CELSIUS EINDHOVEN,CONTAINER,22-05-2026 17:12,2026-05-22T11:42:00Z,24-05-2026 11:00,2026-05-24T05:30:00Z,41.8000,True,True,Daily Status Report 24.05.2026.pdf
2026-05-24,BMCT,BMCT-02,BMCT-02,,S0431,XPRESS CAPELLA,CONTAINER,24-05-2026 06:42,2026-05-24T01:12:00Z,25-05-2026 09:00,2026-05-25T03:30:00Z,26.3000,True,True,Daily Status Report 24.05.2026.pdf
2026-05-24,BMCT,BMCT-03,BMCT-03,,S0394,EVER EXCEL,CONTAINER,24-05-2026 01:30,2026-05-23T20:00:00Z,24-05-2026 20:00,2026-05-24T14:30:00Z,18.5000,True,True,Daily Status Report 24.05.2026.pdf
2026-05-24,BMCT,BMCT-04,BMCT-04,,S0465,MSC MILAN,CONTAINER,23-05-2026 18:12,2026-05-23T12:42:00Z,25-05-2026 12:00,2026-05-25T06:30:00Z,41.8000,True,True,Daily Status Report 24.05.2026.pdf
2026-05-24,BMCT,BMCT-05,BMCT-05,,S0502,MSC MARIANNA,CONTAINER,22-05-2026 18:42,2026-05-22T13:12:00Z,24-05-2026 12:00,2026-05-24T06:30:00Z,41.3000,True,True,Daily Status Report 24.05.2026.pdf
2026-05-24,BMCT,BMCT-06,BMCT-06,,,,,,,,,,False,False,Daily Status Report 24.05.2026.pdf
2026-05-24,BPCL,LB-01,LB-01,,S6288,DUBAI ATTRACTION,CBFS,23-05-2026 13:18,2026-05-23T07:48:00Z,24-05-2026 17:00,2026-05-24T11:30:00Z,27.7000,True,True,Daily Status Report 24.05.2026.pdf
2026-05-24,BPCL,LB-02,LB-02,,S6285,CHEMROAD HAWK,CHEMICALS,24-05-2026 07:48,2026-05-24T02:18:00Z,25-05-2026 23:00,2026-05-25T17:30:00Z,39.2000,True,True,Daily Status Report 24.05.2026.pdf
2026-05-24,JJLTPL,LB-03,LB-03,,,,,,,,,,False,False,Daily Status Report 24.05.2026.pdf
2026-05-24,JJLTPL,LB-04,LB-04,,,,,,,,,,False,False,Daily Status Report 24.05.2026.pdf
2026-05-24,NSDT,CCB-N,CCB-N,,R7657,ARHAAN,DREDGER,24-03-2026 17:40,2026-03-24T12:10:00Z,,,,True,False,Daily Status Report 24.05.2026.pdf
2026-05-24,NSDT,CCB-S,CCB-S,,,,,,,,,,False,False,Daily Status Report 24.05.2026.pdf
2026-05-24,NSDT,NSD-02,NSD-02,,,,,,,,,,False,False,Daily Status Report 24.05.2026.pdf
2026-05-24,NSDT,NSD-03,NSD-03,,S6302,RAS GHUMAYS I,PROJECT CARGO,24-05-2026 01:00,2026-05-23T19:30:00Z,25-05-2026 17:00,2026-05-25T11:30:00Z,40.0000,True,True,Daily Status Report 24.05.2026.pdf
2026-02-25,NSFT,CB-01,CB01,,R3126,CMA CGM COLUMBA,CONTAINER,25-02-2026 03:06,2026-02-24T21:36:00Z,26-02-2026 01:00,2026-02-25T19:30:00Z,21.9000,True,True,Daily Status Report 25.02.2026.pdf
2026-02-25,NSFT,CB-02,CB02,,,,,,,,,,False,False,Daily Status Report 25.02.2026.pdf
2026-02-25,NSICT,CB-04,CB04,,R3007,SEATRADE PERU,CONTAINER,25-02-2026 00:18,2026-02-24T18:48:00Z,25-02-2026 09:30,2026-02-25T04:00:00Z,9.2000,True,True,Daily Status Report 25.02.2026.pdf
2026-02-25,NSICT,CB-05,CB05,,,,,,,,,,False,False,Daily Status Report 25.02.2026.pdf
2026-02-25,NSIGT,CB-06,CB-06,,R3102,WAN HAI 351,CONTAINER,24-02-2026 23:12,2026-02-24T17:42:00Z,25-02-2026 17:30,2026-02-25T12:00:00Z,18.3000,True,True,Daily Status Report 25.02.2026.pdf
2026-02-25,APMT,APMT-01,APMT-01,,R3048,GSL CHRISTEN,CONTAINER,24-02-2026 16:30,2026-02-24T11:00:00Z,25-02-2026 08:15,2026-02-25T02:45:00Z,15.7500,True,True,Daily Status Report 25.02.2026.pdf
2026-02-25,APMT,APMT-02,APMT-02,,R3101,WAN HAI 507,CONTAINER,25-02-2026 01:36,2026-02-24T20:06:00Z,26-02-2026 04:00,2026-02-25T22:30:00Z,26.4000,True,True,Daily Status Report 25.02.2026.pdf
2026-02-25,BMCT,BMCT-01,BMCT-01,,R3206,BOSON,CONTAINER,24-02-2026 15:05,2026-02-24T09:35:00Z,25-02-2026 09:00,2026-02-25T03:30:00Z,17.9167,True,True,Daily Status Report 25.02.2026.pdf
2026-02-25,BMCT,BMCT-02,BMCT-02,,R3104,VIOLET SHANGHAI,CONTAINER,24-02-2026 23:00,2026-02-24T17:30:00Z,25-02-2026 23:00,2026-02-25T17:30:00Z,24.0000,True,True,Daily Status Report 25.02.2026.pdf
2026-02-25,BMCT,BMCT-03,BMCT-03,,R3064,JOLLY VERDE,CONTAINER,24-02-2026 15:54,2026-02-24T10:24:00Z,25-02-2026 08:45,2026-02-25T03:15:00Z,16.8500,True,True,Daily Status Report 25.02.2026.pdf
2026-02-25,BMCT,BMCT-04,BMCT-04,,,,,,,,,,False,False,Daily Status Report 25.02.2026.pdf
2026-02-25,BMCT,BMCT-05,BMCT-05,,R3210,MSC VIDHI,CONTAINER,25-02-2026 08:00,2026-02-25T02:30:00Z,25-02-2026 17:00,2026-02-25T11:30:00Z,9.0000,True,True,Daily Status Report 25.02.2026.pdf
2026-02-25,BPCL,LB-01,LB-01,,R7486,KESTREL,NAPHTHA [E],25-02-2026 03:54,2026-02-24T22:24:00Z,26-02-2026 18:00,2026-02-26T12:30:00Z,38.1000,True,True,Daily Status Report 25.02.2026.pdf
2026-02-25,BPCL,LB-02,LB-02,,R7502,BAO FENG HUA 1,BASE OIL,24-02-2026 14:42,2026-02-24T09:12:00Z,25-02-2026 09:00,2026-02-25T03:30:00Z,18.3000,True,True,Daily Status Report 25.02.2026.pdf
2026-02-25,JJLTPL,LB-03,LB-03,,,,,,,,,,False,False,Daily Status Report 25.02.2026.pdf
2026-02-25,JJLTPL,LB-04,LB-04,,R7467,CHEMROAD QUEEN,EDIBLE OIL,23-02-2026 23:54,2026-02-23T18:24:00Z,25-02-2026 09:41,2026-02-25T04:11:00Z,33.7833,True,True,Daily Status Report 25.02.2026.pdf
2026-02-25,NSDT,CCB-N,CCB-N,,,,,,,,,,False,False,Daily Status Report 25.02.2026.pdf
2026-02-25,NSDT,CCB-S,CCB-S,,R7490,DANAYA NAREE,CEMENT,23-02-2026 14:54,2026-02-23T09:24:00Z,25-02-2026 23:36,2026-02-25T18:06:00Z,56.7000,True,True,Daily Status Report 25.02.2026.pdf
2026-02-25,NSDT,NSD-02,NSD-02,,,,,,,,,,False,False,Daily Status Report 25.02.2026.pdf
2026-02-25,NSDT,NSD-03,NSD-03,,,,,,,,,,False,False,Daily Status Report 25.02.2026.pdf
2026-05-25,NSFT,CB-01,CB01,,S0508,AN YANG,CONTAINER,25-05-2026 01:30,2026-05-24T20:00:00Z,25-05-2026 09:30,2026-05-25T04:00:00Z,8.0000,True,True,Daily Status Report 25.05.2026.pdf
2026-05-25,NSFT,CB-02,CB02,,S0432,X PRESS ANGLESEY,CONTAINER,24-05-2026 22:30,2026-05-24T17:00:00Z,25-05-2026 13:30,2026-05-25T08:00:00Z,15.0000,True,True,Daily Status Report 25.05.2026.pdf
2026-05-25,NSICT,CB-04,CB04,,S0421,HONG DA XIN 768,CONTAINER,24-05-2026 14:36,2026-05-24T09:06:00Z,25-05-2026 11:00,2026-05-25T05:30:00Z,20.4000,True,True,Daily Status Report 25.05.2026.pdf
2026-05-25,NSICT,CB-05,CB05,,S0452,MSC GIOVANNA VII,CONTAINER,24-05-2026 12:42,2026-05-24T07:12:00Z,25-05-2026 11:00,2026-05-25T05:30:00Z,22.3000,True,True,Daily Status Report 25.05.2026.pdf
2026-05-25,NSIGT,CB-06,CB-06,,S0384,KMTC YOKOHAMA,CONTAINER,24-05-2026 10:24,2026-05-24T04:54:00Z,25-05-2026 08:00,2026-05-25T02:30:00Z,21.6000,True,True,Daily Status Report 25.05.2026.pdf
2026-05-25,APMT,APMT-01,APMT-01,,S0277,STRATFORD,CONTAINER,24-05-2026 01:30,2026-05-23T20:00:00Z,25-05-2026 13:00,2026-05-25T07:30:00Z,35.5000,True,True,Daily Status Report 25.05.2026.pdf
2026-05-25,APMT,APMT-02,APMT-02,,S0478,INTERASIA TRIBUTE,CONTAINER,25-05-2026 02:54,2026-05-24T21:24:00Z,25-05-2026 20:00,2026-05-25T14:30:00Z,17.1000,True,True,Daily Status Report 25.05.2026.pdf
2026-05-25,BMCT,BMCT-01,BMCT-01,,S0339,OOCL WASHINGTON,CONTAINER,24-05-2026 18:12,2026-05-24T12:42:00Z,26-05-2026 19:00,2026-05-26T13:30:00Z,48.8000,True,True,Daily Status Report 25.05.2026.pdf
2026-05-25,BMCT,BMCT-02,BMCT-02,,S0431,XPRESS CAPELLA,CONTAINER,24-05-2026 06:42,2026-05-24T01:12:00Z,25-05-2026 17:00,2026-05-25T11:30:00Z,34.3000,True,True,Daily Status Report 25.05.2026.pdf
2026-05-25,BMCT,BMCT-03,BMCT-03,,S0345,MAJD,CONTAINER,24-05-2026 21:18,2026-05-24T15:48:00Z,26-05-2026 02:00,2026-05-25T20:30:00Z,28.7000,True,True,Daily Status Report 25.05.2026.pdf
2026-05-25,BMCT,BMCT-04,BMCT-04,,S0465,MSC MILAN,CONTAINER,23-05-2026 20:30,2026-05-23T15:00:00Z,25-05-2026 19:00,2026-05-25T13:30:00Z,46.5000,True,True,Daily Status Report 25.05.2026.pdf
2026-05-25,BMCT,BMCT-05,BMCT-05,,S0375,APOLLON D,CONTAINER,24-05-2026 18:42,2026-05-24T13:12:00Z,26-05-2026 02:00,2026-05-25T20:30:00Z,31.3000,True,True,Daily Status Report 25.05.2026.pdf
2026-05-25,BMCT,BMCT-06,BMCT-06,,S0444,NADIA,CONTAINER,24-05-2026 18:06,2026-05-24T12:36:00Z,25-05-2026 14:00,2026-05-25T08:30:00Z,19.9000,True,True,Daily Status Report 25.05.2026.pdf
2026-05-25,BPCL,LB-01,LB-01,,S6347,CORONET,HSD,25-05-2026 01:42,2026-05-24T20:12:00Z,26-05-2026 05:00,2026-05-25T23:30:00Z,27.3000,True,True,Daily Status Report 25.05.2026.pdf
2026-05-25,BPCL,LB-02,LB-02,,S6285,CHEMROAD HAWK,BASE OIL [E],24-05-2026 07:48,2026-05-24T02:18:00Z,25-05-2026 22:00,2026-05-25T16:30:00Z,38.2000,True,True,Daily Status Report 25.05.2026.pdf
2026-05-25,JJLTPL,LB-03,LB-03,,,,,,,,,,False,False,Daily Status Report 25.05.2026.pdf
2026-05-25,JJLTPL,LB-04,LB-04,,,,,,,,,,False,False,Daily Status Report 25.05.2026.pdf
2026-05-25,NSDT,CCB-N,CCB-N,,R7657,ARHAAN,DREDGER,24-03-2026 17:40,2026-03-24T12:10:00Z,,,,True,False,Daily Status Report 25.05.2026.pdf
2026-05-25,NSDT,CCB-S,CCB-S,,,,,,,,,,False,False,Daily Status Report 25.05.2026.pdf
2026-05-25,NSDT,NSD-02,NSD-02,,,,,,,,,,False,False,Daily Status Report 25.05.2026.pdf
2026-05-25,NSDT,NSD-03,NSD-03,,S6302,RAS GHUMAYS I,PROJECT CARGO,24-05-2026 01:00,2026-05-23T19:30:00Z,25-05-2026 11:00,2026-05-25T05:30:00Z,34.0000,True,True,Daily Status Report 25.05.2026.pdf
2026-02-26,NSFT,CB-01,CB01,,R3071,CMA CGM ZANZIBAR,CONTAINER,26-02-2026 04:12,2026-02-25T22:42:00Z,26-02-2026 20:00,2026-02-26T14:30:00Z,15.8000,True,True,Daily Status Report 26.02.2026.pdf
2026-02-26,NSFT,CB-02,CB02,,R2968,UAFL DUBAI,CONTAINER,25-02-2026 15:18,2026-02-25T09:48:00Z,26-02-2026 07:10,2026-02-26T01:40:00Z,15.8667,True,True,Daily Status Report 26.02.2026.pdf
2026-02-26,NSICT,CB-04,CB04,,,,,,,,,,False,False,Daily Status Report 26.02.2026.pdf
2026-02-26,NSICT,CB-05,CB05,,R3045,MAERSK SENTOSA,CONTAINER,26-02-2026 05:48,2026-02-26T00:18:00Z,27-02-2026 02:00,2026-02-26T20:30:00Z,20.2000,True,True,Daily Status Report 26.02.2026.pdf
2026-02-26,NSIGT,CB-06,CB-06,,R3116,MSC CAROLINA,CONTAINER,26-02-2026 02:06,2026-02-25T20:36:00Z,26-02-2026 17:00,2026-02-26T11:30:00Z,14.9000,True,True,Daily Status Report 26.02.2026.pdf
2026-02-26,APMT,APMT-01,APMT-01,,R3034,NORFOLK EXPRESS,CONTAINER,25-02-2026 17:24,2026-02-25T11:54:00Z,27-02-2026 03:00,2026-02-26T21:30:00Z,33.6000,True,True,Daily Status Report 26.02.2026.pdf
2026-02-26,APMT,APMT-02,APMT-02,,,,,,,,,,False,False,Daily Status Report 26.02.2026.pdf
2026-02-26,BMCT,BMCT-01,BMCT-01,,R3085,XIN HAI KOU,CONTAINER,25-02-2026 16:42,2026-02-25T11:12:00Z,26-02-2026 08:30,2026-02-26T03:00:00Z,15.8000,True,True,Daily Status Report 26.02.2026.pdf
2026-02-26,BMCT,BMCT-02,BMCT-02,,,,,,,,,,False,False,Daily Status Report 26.02.2026.pdf
2026-02-26,BMCT,BMCT-03,BMCT-03,,,,,,,,,,False,False,Daily Status Report 26.02.2026.pdf
2026-02-26,BMCT,BMCT-04,BMCT-04,,,,,,,,,,False,False,Daily Status Report 26.02.2026.pdf
2026-02-26,BMCT,BMCT-05,BMCT-05,,,,,,,,,,False,False,Daily Status Report 26.02.2026.pdf
2026-02-26,BPCL,LB-01,LB-01,,R7486,KESTREL,NAPHTHA [E],25-02-2026 03:54,2026-02-24T22:24:00Z,26-02-2026 20:00,2026-02-26T14:30:00Z,40.1000,True,True,Daily Status Report 26.02.2026.pdf
2026-02-26,BPCL,LB-02,LB-02,,R7488,SUCCESS,F.O [E],25-02-2026 14:24,2026-02-25T08:54:00Z,26-02-2026 23:00,2026-02-26T17:30:00Z,32.6000,True,True,Daily Status Report 26.02.2026.pdf
2026-02-26,JJLTPL,LB-03,LB-03,,R7492,HUANG SHAN 16,EDIBLE OIL,25-02-2026 14:06,2026-02-25T08:36:00Z,27-02-2026 16:49,2026-02-27T11:19:00Z,50.7167,True,True,Daily Status Report 26.02.2026.pdf
2026-02-26,JJLTPL,LB-04,LB-04,,,,,,,,,,False,False,Daily Status Report 26.02.2026.pdf
2026-02-26,NSDT,CCB-N,CCB-N,,,,,,,,,,False,False,Daily Status Report 26.02.2026.pdf
2026-02-26,NSDT,CCB-S,CCB-S,,,,,,,,,,False,False,Daily Status Report 26.02.2026.pdf
2026-02-26,NSDT,NSD-02,NSD-02,,R7510,AMNS TUFMAX,STEEL,26-02-2026 05:15,2026-02-25T23:45:00Z,26-02-2026 21:20,2026-02-26T15:50:00Z,16.0833,True,True,Daily Status Report 26.02.2026.pdf
2026-02-26,NSDT,NSD-03,NSD-03,,R7508,CNC BULL,SM,26-02-2026 07:18,2026-02-26T01:48:00Z,26-02-2026 23:28,2026-02-26T17:58:00Z,16.1667,True,True,Daily Status Report 26.02.2026.pdf
2026-02-27,NSFT,CB-01,CB01,,R3044,YOKOHAMA STAR,CONTAINER,26-02-2026 22:12,2026-02-26T16:42:00Z,27-02-2026 11:15,2026-02-27T05:45:00Z,13.0500,True,True,Daily Status Report 27.02.2026.pdf
2026-02-27,NSFT,CB-02,CB02,,,,,,,,,,False,False,Daily Status Report 27.02.2026.pdf
2026-02-27,NSICT,CB-04,CB04,,R2949,CUL KLANG,CONTAINER,26-02-2026 19:24,2026-02-26T13:54:00Z,27-02-2026 14:00,2026-02-27T08:30:00Z,18.6000,True,True,Daily Status Report 27.02.2026.pdf
2026-02-27,NSICT,CB-05,CB05,,,,,,,,,,False,False,Daily Status Report 27.02.2026.pdf
2026-02-27,NSIGT,CB-06,CB-06,,R3115,INTERASIA ACCELERATE,CONTAINER,26-02-2026 19:24,2026-02-26T13:54:00Z,28-02-2026 01:00,2026-02-27T19:30:00Z,29.6000,True,True,Daily Status Report 27.02.2026.pdf
2026-02-27,APMT,APMT-01,APMT-01,,R3078,YM MILESTONE,CONTAINER,27-02-2026 05:20,2026-02-26T23:50:00Z,28-02-2026 11:00,2026-02-28T05:30:00Z,29.6667,True,True,Daily Status Report 27.02.2026.pdf
2026-02-27,APMT,APMT-02,APMT-02,,,,,,,,,,False,False,Daily Status Report 27.02.2026.pdf
2026-02-27,BMCT,BMCT-01,BMCT-01,,R3053,JIRA BHUM,CONTAINER,26-02-2026 20:00,2026-02-26T14:30:00Z,28-02-2026 15:00,2026-02-28T09:30:00Z,43.0000,True,True,Daily Status Report 27.02.2026.pdf
2026-02-27,BMCT,BMCT-02,BMCT-02,,R3096,MACKENZIE,CONTAINER,26-02-2026 19:24,2026-02-26T13:54:00Z,27-02-2026 17:00,2026-02-27T11:30:00Z,21.6000,True,True,Daily Status Report 27.02.2026.pdf
2026-02-27,BMCT,BMCT-03,BMCT-03,,,,,,,,,,False,False,Daily Status Report 27.02.2026.pdf
2026-02-27,BMCT,BMCT-04,BMCT-04,,R3090,CELSIUS EINDHOVEN,CONTAINER,26-02-2026 23:18,2026-02-26T17:48:00Z,28-02-2026 08:00,2026-02-28T02:30:00Z,32.7000,True,True,Daily Status Report 27.02.2026.pdf
2026-02-27,BMCT,BMCT-05,BMCT-05,,R3172,MSC POSITANO,CONTAINER,26-02-2026 22:36,2026-02-26T17:06:00Z,27-02-2026 13:00,2026-02-27T07:30:00Z,14.4000,True,True,Daily Status Report 27.02.2026.pdf
2026-02-27,BPCL,LB-01,LB-01,,R7480,ROSE GAS,LPG,27-02-2026 05:00,2026-02-26T23:30:00Z,28-02-2026 20:00,2026-02-28T14:30:00Z,39.0000,True,True,Daily Status Report 27.02.2026.pdf
2026-02-27,BPCL,LB-02,LB-02,,R7463,MARITIME AMITY,BASE OIL,27-02-2026 02:48,2026-02-26T21:18:00Z,27-02-2026 22:00,2026-02-27T16:30:00Z,19.2000,True,True,Daily Status Report 27.02.2026.pdf
2026-02-27,JJLTPL,LB-03,LB-03,,R7492,HUANG SHAN 16,EDIBLE OIL,25-02-2026 14:06,2026-02-25T08:36:00Z,27-02-2026 13:44,2026-02-27T08:14:00Z,47.6333,True,True,Daily Status Report 27.02.2026.pdf
2026-02-27,JJLTPL,LB-04,LB-04,,R7481,SEA LION,EDIBLE OIL,26-02-2026 11:18,2026-02-26T05:48:00Z,27-02-2026 13:48,2026-02-27T08:18:00Z,26.5000,True,True,Daily Status Report 27.02.2026.pdf
2026-02-27,NSDT,CCB-N,CCB-N,,,,,,,,,,False,False,Daily Status Report 27.02.2026.pdf
2026-02-27,NSDT,CCB-S,CCB-S,,R7485,ADVAITA,CEMENT,27-02-2026 04:00,2026-02-26T22:30:00Z,01-03-2026 17:46,2026-03-01T12:16:00Z,61.7667,True,True,Daily Status Report 27.02.2026.pdf
2026-02-27,NSDT,NSD-02,NSD-02,,,,,,,,,,False,False,Daily Status Report 27.02.2026.pdf
2026-02-27,NSDT,NSD-03,NSD-03,,,,,,,,,,False,False,Daily Status Report 27.02.2026.pdf
2026-02-28,NSFT,CB-01,CB01,,R3133,COSCO PRINCE RUPERT,CONTAINER,27-02-2026 21:30,2026-02-27T16:00:00Z,28-02-2026 17:00,2026-02-28T11:30:00Z,19.5000,True,True,Daily Status Report 28.02.2026.pdf
2026-02-28,NSFT,CB-02,CB02,,,,,,,,,,False,False,Daily Status Report 28.02.2026.pdf
2026-02-28,NSICT,CB-04,CB04,,R3130,ARTAM,CONTAINER,27-02-2026 17:54,2026-02-27T12:24:00Z,28-02-2026 08:15,2026-02-28T02:45:00Z,14.3500,True,True,Daily Status Report 28.02.2026.pdf
2026-02-28,NSICT,CB-05,CB05,,,,,,,,,,False,False,Daily Status Report 28.02.2026.pdf
2026-02-28,NSIGT,CB-06,CB-06,,R3168,MSC COTONOU VIII,CONTAINER,28-02-2026 03:54,2026-02-27T22:24:00Z,28-02-2026 23:00,2026-02-28T17:30:00Z,19.1000,True,True,Daily Status Report 28.02.2026.pdf
2026-02-28,APMT,APMT-01,APMT-01,,,,,,,,,,False,False,Daily Status Report 28.02.2026.pdf
2026-02-28,APMT,APMT-02,APMT-02,,R3100,WAN HAI 508,CONTAINER,27-02-2026 19:48,2026-02-27T14:18:00Z,28-02-2026 19:30,2026-02-28T14:00:00Z,23.7000,True,True,Daily Status Report 28.02.2026.pdf
2026-02-28,BMCT,BMCT-01,BMCT-01,,R3053,JIRA BHUM,CONTAINER,26-02-2026 20:00,2026-02-26T14:30:00Z,28-02-2026 17:00,2026-02-28T11:30:00Z,45.0000,True,True,Daily Status Report 28.02.2026.pdf
2026-02-28,BMCT,BMCT-02,BMCT-02,,R3149,AL RAWDAH,CONTAINER,28-02-2026 03:12,2026-02-27T21:42:00Z,28-02-2026 19:00,2026-02-28T13:30:00Z,15.8000,True,True,Daily Status Report 28.02.2026.pdf
2026-02-28,BMCT,BMCT-03,BMCT-03,,R3118,SASKIA A,CONTAINER,28-02-2026 07:50,2026-02-28T02:20:00Z,28-02-2026 23:00,2026-02-28T17:30:00Z,15.1667,True,True,Daily Status Report 28.02.2026.pdf
2026-02-28,BMCT,BMCT-04,BMCT-04,,R3090,CELSIUS EINDHOVEN,CONTAINER,26-02-2026 23:18,2026-02-26T17:48:00Z,28-02-2026 11:00,2026-02-28T05:30:00Z,35.7000,True,True,Daily Status Report 28.02.2026.pdf
2026-02-28,BMCT,BMCT-05,BMCT-05,,R3141,MSC LILY,CONTAINER,27-02-2026 14:18,2026-02-27T08:48:00Z,28-02-2026 15:00,2026-02-28T09:30:00Z,24.7000,True,True,Daily Status Report 28.02.2026.pdf
2026-02-28,BPCL,LB-01,LB-01,,R7480,ROSE GAS,LPG,27-02-2026 05:00,2026-02-26T23:30:00Z,28-02-2026 16:00,2026-02-28T10:30:00Z,35.0000,True,True,Daily Status Report 28.02.2026.pdf
2026-02-28,BPCL,LB-02,LB-02,,,,,,,,,,False,False,Daily Status Report 28.02.2026.pdf
2026-02-28,JJLTPL,LB-03,LB-03,,,,,,,,,,False,False,Daily Status Report 28.02.2026.pdf
2026-02-28,JJLTPL,LB-04,LB-04,,,,,,,,,,False,False,Daily Status Report 28.02.2026.pdf
2026-02-28,NSDT,CCB-N,CCB-N,,,,,,,,,,False,False,Daily Status Report 28.02.2026.pdf
2026-02-28,NSDT,CCB-S,CCB-S,,R7485,ADVAITA,CEMENT,27-02-2026 04:00,2026-02-26T22:30:00Z,01-03-2026 11:24,2026-03-01T05:54:00Z,55.4000,True,True,Daily Status Report 28.02.2026.pdf
2026-02-28,NSDT,NSD-02,NSD-02,,,,,,,,,,False,False,Daily Status Report 28.02.2026.pdf
2026-02-28,NSDT,NSD-03,NSD-03,,,,,,,,,,False,False,Daily Status Report 28.02.2026.pdf
